elas_fishcard_12S_all_BBA_1,elas_fishcard_12S_all_BBA_2,elas_fishcard_12S_all_BBA_3,elas_fishcard_12S_all_BBB_1,elas_fishcard_12S_all_BBB_2,elas_fishcard_12S_all_BBB_3,elas_fishcard_12S_all_BBC_1,elas_fishcard_12S_all_BBC_2,elas_fishcard_12S_all_BBC_3,elas_fishcard_12S_all_BWA_1,elas_fishcard_12S_all_BWA_2,elas_fishcard_12S_all_BWA_3,elas_fishcard_12S_all_BWB_1,elas_fishcard_12S_all_BWB_2,elas_fishcard_12S_all_BWB_3,elas_fishcard_12S_all_BWC_1,elas_fishcard_12S_all_BWC_2,elas_fishcard_12S_all_BWC_3,elas_fishcard_12S_all_CBA_1,elas_fishcard_12S_all_CBA_3,elas_fishcard_12S_all_CBB_1,elas_fishcard_12S_all_CBB_2,elas_fishcard_12S_all_CBC_1,elas_fishcard_12S_all_CBC_2,elas_fishcard_12S_all_CBC_3,elas_fishcard_12S_all_CCA_1,elas_fishcard_12S_all_CCA_3,elas_fishcard_12S_all_CCB_1,elas_fishcard_12S_all_CCB_2,elas_fishcard_12S_all_CCB_3,elas_fishcard_12S_all_CCC_1,elas_fishcard_12S_all_CHA_1,elas_fishcard_12S_all_CHA_2,elas_fishcard_12S_all_CHA_3,elas_fishcard_12S_all_CHB_1,elas_fishcard_12S_all_CHB_2,elas_fishcard_12S_all_CHB_3,elas_fishcard_12S_all_CHC_1,elas_fishcard_12S_all_CHC_2,elas_fishcard_12S_all_CHC_3,elas_fishcard_12S_all_CPA_1,elas_fishcard_12S_all_CPA_3,elas_fishcard_12S_all_CPB_1,elas_fishcard_12S_all_CPB_2,elas_fishcard_12S_all_CPB_3,elas_fishcard_12S_all_CPC_1,elas_fishcard_12S_all_CPC_2,elas_fishcard_12S_all_CPC_3,elas_fishcard_12S_all_DPA_1,elas_fishcard_12S_all_DPA_2,elas_fishcard_12S_all_DPA_3,elas_fishcard_12S_all_DPB_1,elas_fishcard_12S_all_DPB_3,elas_fishcard_12S_all_DPC_1,elas_fishcard_12S_all_DPC_2,elas_fishcard_12S_all_DPC_3,elas_fishcard_12S_all_EBA_1,elas_fishcard_12S_all_EBA_2,elas_fishcard_12S_all_EBA_3,elas_fishcard_12S_all_EBB_1,elas_fishcard_12S_all_EBB_2,elas_fishcard_12S_all_EBB_3,elas_fishcard_12S_all_EBC_1,elas_fishcard_12S_all_EBC_2,elas_fishcard_12S_all_EBC_3,elas_fishcard_12S_all_FCA_1,elas_fishcard_12S_all_FCA_3,elas_fishcard_12S_all_FCB_1,elas_fishcard_12S_all_FCB_2,elas_fishcard_12S_all_FCC_1,elas_fishcard_12S_all_FCC_3,elas_fishcard_12S_all_FPA_2,elas_fishcard_12S_all_FPC_1,elas_fishcard_12S_all_FPC_3,elas_fishcard_12S_all_LHA_1,elas_fishcard_12S_all_LHA_2,elas_fishcard_12S_all_LHA_3,elas_fishcard_12S_all_LHB_1,elas_fishcard_12S_all_LHB_2,elas_fishcard_12S_all_LHB_3,elas_fishcard_12S_all_LHC_1,elas_fishcard_12S_all_LHC_2,elas_fishcard_12S_all_LHC_3,elas_fishcard_12S_all_RBA_1,elas_fishcard_12S_all_RBA_2,elas_fishcard_12S_all_RBA_3,elas_fishcard_12S_all_RBB_1,elas_fishcard_12S_all_RBB_2,elas_fishcard_12S_all_RBB_3,elas_fishcard_12S_all_RBC_1,elas_fishcard_12S_all_RBC_2,elas_fishcard_12S_all_RBC_3,elas_fishcard_12S_all_SAA_1,elas_fishcard_12S_all_SCA_1,elas_fishcard_12S_all_SCA_2,elas_fishcard_12S_all_SCA_3,elas_fishcard_12S_all_SCAR_1,elas_fishcard_12S_all_SCAR_2,elas_fishcard_12S_all_SCAR_3,elas_fishcard_12S_all_SCB_1,elas_fishcard_12S_all_SCB_2,elas_fishcard_12S_all_SCB_3,elas_fishcard_12S_all_SCBR_1,elas_fishcard_12S_all_SCBR_2,elas_fishcard_12S_all_SCC_1,elas_fishcard_12S_all_SCC_2,elas_fishcard_12S_all_SCC_3,elas_fishcard_12S_all_SCCR_1,elas_fishcard_12S_all_SCCR_2,elas_fishcard_12S_all_SCCR_3,elas_fishcard_12S_all_SMB_1,elas_fishcard_12S_all_SMB_2,elas_fishcard_12S_all_SMC_1,elas_fishcard_12S_all_SMC_2,elas_fishcard_12S_all_SMC_3,elas_fishcard_12S_all_SPB_1,elas_fishcard_12S_all_SPB_3,elas_fishcard_12S_all_SPC_1,elas_fishcard_12S_all_WCA_1,elas_fishcard_12S_all_WCA_2,elas_fishcard_12S_all_WCA_3,elas_fishcard_12S_all_WCB_1,elas_fishcard_12S_all_WCB_2,elas_fishcard_12S_all_WCB_3,elas_fishcard_12S_all_WCC_1,elas_fishcard_12S_all_WCC_2,elas_fishcard_12S_all_WCC_3,miu_fishcard_12S_all_BBA_1,miu_fishcard_12S_all_BBA_2,miu_fishcard_12S_all_BBA_3,miu_fishcard_12S_all_BBB_1,miu_fishcard_12S_all_BBB_2,miu_fishcard_12S_all_BBB_3,miu_fishcard_12S_all_BBC_1,miu_fishcard_12S_all_BBC_2,miu_fishcard_12S_all_BBC_3,miu_fishcard_12S_all_BWA_1,miu_fishcard_12S_all_BWA_2,miu_fishcard_12S_all_BWA_3,miu_fishcard_12S_all_BWB_1,miu_fishcard_12S_all_BWB_2,miu_fishcard_12S_all_BWB_3,miu_fishcard_12S_all_BWC_1,miu_fishcard_12S_all_BWC_2,miu_fishcard_12S_all_BWC_3,miu_fishcard_12S_all_CBA_1,miu_fishcard_12S_all_CBA_2,miu_fishcard_12S_all_CBA_3,miu_fishcard_12S_all_CBB_1,miu_fishcard_12S_all_CBB_2,miu_fishcard_12S_all_CBB_3,miu_fishcard_12S_all_CBC_1,miu_fishcard_12S_all_CBC_2,miu_fishcard_12S_all_CBC_3,miu_fishcard_12S_all_CCA_1,miu_fishcard_12S_all_CCB_2,miu_fishcard_12S_all_CCB_3,miu_fishcard_12S_all_CCC_1,miu_fishcard_12S_all_CCC_2,miu_fishcard_12S_all_CHA_1,miu_fishcard_12S_all_CHA_2,miu_fishcard_12S_all_CHA_3,miu_fishcard_12S_all_CHB_1,miu_fishcard_12S_all_CHB_2,miu_fishcard_12S_all_CHB_3,miu_fishcard_12S_all_CHC_1,miu_fishcard_12S_all_CHC_2,miu_fishcard_12S_all_CHC_3,miu_fishcard_12S_all_CPA_1,miu_fishcard_12S_all_CPA_2,miu_fishcard_12S_all_CPA_3,miu_fishcard_12S_all_CPB_1,miu_fishcard_12S_all_CPB_2,miu_fishcard_12S_all_CPB_3,miu_fishcard_12S_all_CPC_1,miu_fishcard_12S_all_CPC_2,miu_fishcard_12S_all_CPC_3,miu_fishcard_12S_all_DPA_1,miu_fishcard_12S_all_DPA_2,miu_fishcard_12S_all_DPA_3,miu_fishcard_12S_all_DPB_1,miu_fishcard_12S_all_DPB_2,miu_fishcard_12S_all_DPB_3,miu_fishcard_12S_all_DPC_1,miu_fishcard_12S_all_DPC_2,miu_fishcard_12S_all_DPC_3,miu_fishcard_12S_all_EBA_1,miu_fishcard_12S_all_EBA_2,miu_fishcard_12S_all_EBA_3,miu_fishcard_12S_all_EBB_1,miu_fishcard_12S_all_EBB_2,miu_fishcard_12S_all_EBB_3,miu_fishcard_12S_all_EBC_1,miu_fishcard_12S_all_EBC_2,miu_fishcard_12S_all_EBC_3,miu_fishcard_12S_all_FCA_1,miu_fishcard_12S_all_FCA_2,miu_fishcard_12S_all_FCA_3,miu_fishcard_12S_all_FCB_1,miu_fishcard_12S_all_FCB_2,miu_fishcard_12S_all_FCB_3,miu_fishcard_12S_all_FCC_1,miu_fishcard_12S_all_FCC_2,miu_fishcard_12S_all_FCC_3,miu_fishcard_12S_all_FPA_1,miu_fishcard_12S_all_FPA_3,miu_fishcard_12S_all_FPB_2,miu_fishcard_12S_all_FPB_3,miu_fishcard_12S_all_LHA_1,miu_fishcard_12S_all_LHA_2,miu_fishcard_12S_all_LHA_3,miu_fishcard_12S_all_LHB_1,miu_fishcard_12S_all_LHB_2,miu_fishcard_12S_all_LHB_3,miu_fishcard_12S_all_LHC_1,miu_fishcard_12S_all_LHC_2,miu_fishcard_12S_all_LHC_3,miu_fishcard_12S_all_RBA_1,miu_fishcard_12S_all_RBA_2,miu_fishcard_12S_all_RBA_3,miu_fishcard_12S_all_RBB_1,miu_fishcard_12S_all_RBB_2,miu_fishcard_12S_all_RBB_3,miu_fishcard_12S_all_RBC_1,miu_fishcard_12S_all_RBC_2,miu_fishcard_12S_all_RBC_3,miu_fishcard_12S_all_SAA_1,miu_fishcard_12S_all_SAA_2,miu_fishcard_12S_all_SAA_3,miu_fishcard_12S_all_SAB_1,miu_fishcard_12S_all_SAB_3,miu_fishcard_12S_all_SAC_1,miu_fishcard_12S_all_SAC_2,miu_fishcard_12S_all_SCA_1,miu_fishcard_12S_all_SCA_2,miu_fishcard_12S_all_SCA_3,miu_fishcard_12S_all_SCAR_1,miu_fishcard_12S_all_SCAR_2,miu_fishcard_12S_all_SCB_1,miu_fishcard_12S_all_SCB_2,miu_fishcard_12S_all_SCB_3,miu_fishcard_12S_all_SCBR_1,miu_fishcard_12S_all_SCBR_2,miu_fishcard_12S_all_SCBR_3,miu_fishcard_12S_all_SCC_1,miu_fishcard_12S_all_SCC_2,miu_fishcard_12S_all_SCC_3,miu_fishcard_12S_all_SCCR_1,miu_fishcard_12S_all_SCCR_3,miu_fishcard_12S_all_SMA_1,miu_fishcard_12S_all_SMA_2,miu_fishcard_12S_all_SMA_3,miu_fishcard_12S_all_SMB_1,miu_fishcard_12S_all_SMB_2,miu_fishcard_12S_all_SMC_1,miu_fishcard_12S_all_SMC_2,miu_fishcard_12S_all_SMC_3,miu_fishcard_12S_all_SPA_1,miu_fishcard_12S_all_SPA_2,miu_fishcard_12S_all_SPA_3,miu_fishcard_12S_all_SPB_1,miu_fishcard_12S_all_SPB_2,miu_fishcard_12S_all_SPB_3,miu_fishcard_12S_all_SPC_1,miu_fishcard_12S_all_SPC_3,miu_fishcard_12S_all_WCA_1,miu_fishcard_12S_all_WCA_2,miu_fishcard_12S_all_WCA_3,miu_fishcard_12S_all_WCB_1,miu_fishcard_12S_all_WCB_2,miu_fishcard_12S_all_WCB_3,miu_fishcard_12S_all_WCC_1,miu_fishcard_12S_all_WCC_2,miu_fishcard_12S_all_WCC_3,sum.taxonomy
1374,756,1098,3333,2556,16604,2231,1016,3942,0,0,0,0,0,0,0,0,0,5929,4236,16752,453,7082,1123,4333,1790,361,5340,771,1675,778,297,99,2723,1812,391,8853,228,430,177,4342,586,2321,2048,125,307,618,1014,2060,235,6275,0,696,1015,2871,3740,1208,549,1580,181,363,1616,0,277,1099,0,328,0,203,719,19,53,798,452,781,795,1563,1672,882,2813,670,146,0,774,376,420,305,99,58,115,120,43,1217,3729,1758,1978,4181,687,582,286,297,152,11485,2362,0,1081,1487,3982,601,689,1631,696,365,427,92,299,1084,0,15718,4951,5610,5091,4888,15201,8492,3368,9389,29,19,28,37,25,85,23,111,53,0,0,0,0,0,0,0,0,0,851,395,102,573,330,58,1267,441,66,52,82,6,93,0,5,15,4,12,68,11,0,4,5,62,28,76,22,39,19,171,28,9,9,23,31,35,0,0,0,33,4,16,31,5,0,6,0,4,0,0,53,5,12,0,8,4,0,0,13,21,0,0,0,8,10,0,4,11,35,0,3,23,7,18,0,0,0,8,0,6,20,225,55,423,175,84,275,90,53,72,102,459,277,12,26,22,567,135,132,27,8,7,380,109,108,17,9,84,7,53,19,19,59,57,15,15,17,5,0,0,1341,202,293,504,472,743,550,1058,413,Eukaryota;Chordata;Chondrichthyes;Myliobatiformes;Myliobatidae;Myliobatis;Myliobatis californica
0,0,0,0,0,0,12,0,0,0,0,571,0,0,0,0,0,0,0,0,0,0,0,0,0,0,0,0,0,0,0,0,0,0,0,0,0,0,0,0,0,0,1797,2725,56,0,155,0,0,0,0,0,0,0,0,0,340,0,1679,366,6585,9824,3540,4289,4416,0,0,0,0,0,0,0,0,0,5471,2595,4019,5273,2566,16324,1740,1153,8124,338,0,0,0,0,0,0,0,0,0,0,0,0,0,0,0,0,0,0,773,0,0,0,0,0,0,0,0,0,0,0,0,0,0,0,0,0,0,0,0,0,0,0,0,0,0,0,0,0,0,405,0,1438,0,2144,0,0,0,0,0,0,0,0,0,0,0,0,0,0,0,0,0,0,0,0,0,0,0,0,0,0,0,0,0,0,2007,0,0,0,0,0,0,363,0,0,0,0,0,0,0,0,0,0,1231,2229,584,1676,1464,1879,649,0,579,0,0,0,0,0,0,1,0,0,0,0,0,0,1117,2798,1430,3428,3633,9716,991,2234,3867,0,235,0,0,0,0,72,575,190,0,0,0,0,0,0,0,0,0,0,0,0,0,0,0,0,0,0,0,0,0,0,0,0,0,0,1628,0,0,0,1891,0,0,0,0,0,0,0,4145,0,0,0,0,0,0,0,0,0,Eukaryota;Chordata;Actinopteri;Labriformes;Labridae;Halichoeres;Halichoeres semicinctus
13,8,0,52,14,202,0,0,21,0,0,0,0,0,0,0,0,0,0,0,0,0,0,0,0,0,0,0,0,0,0,4,0,0,12,0,451,0,0,32,0,0,0,0,0,0,0,0,0,0,0,0,0,0,0,0,0,0,0,0,0,0,0,0,0,5,0,0,0,0,0,0,0,0,0,0,0,0,0,0,0,0,0,0,0,0,0,0,0,0,0,0,0,0,0,10,0,0,0,11,0,0,13,0,0,0,0,0,16,0,0,0,0,0,0,0,10,0,20,23,0,18,0,43,32,0,7,0,0,0,0,0,0,0,0,0,0,0,0,0,0,0,0,0,0,0,0,0,0,0,0,0,0,0,0,0,0,0,0,0,0,0,0,0,0,0,0,0,0,0,0,0,0,0,0,0,0,0,0,0,0,0,0,0,0,0,0,0,0,0,0,0,0,0,0,0,0,0,0,0,0,0,0,0,0,0,0,0,0,0,0,0,0,0,0,0,0,0,0,0,0,0,0,0,0,0,0,0,0,0,0,0,0,0,0,0,0,0,0,0,0,0,0,0,0,0,0,0,0,0,0,0,0,0,0,0,0,0,0,0,0,0,0,0,3,12,0,0,5,2,0,0,0,0,Eukaryota;Chordata;Actinopteri;Batrachoidiformes;Batrachoididae;Porichthys;Porichthys notatus
0,0,0,0,0,0,0,0,0,0,0,0,0,0,0,0,0,0,0,0,0,0,0,0,0,0,0,0,0,0,0,0,0,0,0,0,0,0,0,0,0,0,0,0,0,0,0,0,0,0,0,0,0,0,0,0,0,0,235,0,194,0,187,168,9,0,0,0,0,0,0,0,0,0,0,0,0,0,0,0,0,0,130,0,0,0,0,0,0,0,0,0,0,0,0,0,0,0,0,0,0,0,0,0,0,0,0,0,0,0,0,0,0,0,0,0,0,0,0,0,0,0,0,0,0,0,0,0,0,0,0,0,0,0,0,0,0,0,0,0,0,0,0,0,0,0,0,0,0,0,0,0,0,0,0,0,0,0,0,0,0,0,0,0,0,0,0,0,0,0,0,0,0,0,0,0,0,0,0,0,0,0,0,0,0,0,0,0,193,0,0,0,614,569,232,0,0,0,0,0,0,0,0,0,0,0,0,0,0,129,0,0,0,0,0,0,0,0,0,0,0,0,0,0,0,0,0,0,0,0,0,0,0,0,0,0,0,0,0,0,0,0,0,0,0,0,0,0,0,0,0,0,0,0,0,0,0,0,0,0,0,0,0,0,0,0,0,0,0,0,0,0,0,0,Eukaryota;Chordata;Actinopteri;Gobiiformes;Gobiidae;;
0,0,0,0,0,0,0,0,0,36,467,0,0,0,0,0,0,0,0,0,0,0,0,0,0,0,0,0,0,0,0,0,0,0,0,0,0,0,0,0,0,0,0,0,0,0,0,0,0,0,0,0,0,0,0,0,0,0,0,0,0,0,0,0,0,0,0,0,0,0,0,0,0,0,0,0,0,0,0,0,0,0,0,0,0,0,0,0,0,0,0,0,0,0,0,0,0,0,0,0,0,0,0,0,0,0,0,0,0,0,0,0,0,0,0,0,0,0,0,0,0,0,0,0,0,0,0,0,0,0,0,0,0,0,0,0,0,0,0,0,0,0,0,0,0,0,0,0,0,0,0,0,0,0,0,0,0,0,0,0,0,0,0,0,0,0,0,0,0,0,0,0,0,0,0,0,0,0,0,0,0,0,0,0,0,0,0,0,0,0,0,0,0,0,0,0,0,0,0,0,0,0,0,0,0,0,0,0,0,0,0,0,0,0,0,0,0,0,0,0,0,0,0,0,0,0,0,0,0,0,0,0,0,0,0,0,0,0,0,0,0,0,0,0,0,0,0,0,0,0,0,0,0,0,0,0,0,0,0,0,0,0,0,0,0,0,0,0,0,0,0,0,0,0,Eukaryota;Chordata;Aves;Galliformes;Phasianidae;Meleagris;Meleagris gallopavo
0,0,0,0,0,0,0,0,0,0,0,0,3,0,0,0,0,0,0,0,0,0,0,0,0,0,0,0,0,0,0,0,0,0,0,0,0,0,0,0,0,0,0,0,0,0,0,0,0,0,0,0,0,0,0,0,0,0,0,0,0,0,0,0,0,0,0,0,0,0,0,0,0,0,0,0,0,0,0,0,0,0,0,0,0,0,0,0,0,0,0,0,0,0,0,0,0,0,0,0,0,0,0,508,0,0,0,0,0,0,0,0,0,0,0,0,0,789,0,0,0,0,0,0,0,0,0,0,0,0,0,0,0,0,0,0,0,0,0,0,0,0,0,0,0,0,0,0,0,0,0,0,0,0,0,0,0,0,0,0,0,0,0,0,0,0,0,0,0,0,0,0,0,0,0,0,0,0,0,0,0,0,0,0,0,0,0,0,0,0,0,0,0,0,0,0,0,0,0,0,0,0,0,0,0,0,0,0,0,0,0,0,12,0,0,0,0,0,0,0,0,0,0,0,0,0,0,0,0,0,0,0,0,0,0,0,0,0,0,0,0,0,0,0,0,0,0,0,0,0,0,0,38,9,24,0,0,0,0,0,0,0,24,0,0,0,0,0,0,0,0,0,0,0,Eukaryota;Chordata;Actinopteri;;;;
0,0,0,0,0,0,0,0,0,0,0,0,0,0,0,0,0,0,0,0,0,0,0,0,0,0,0,0,0,0,0,0,0,0,0,0,0,0,0,0,0,0,0,0,0,0,0,0,0,0,0,0,0,0,0,0,0,0,0,0,0,0,0,0,0,0,0,0,0,0,0,0,0,0,0,0,0,0,0,0,0,0,0,0,0,0,0,0,0,0,0,0,0,0,0,0,0,0,0,0,0,0,0,0,0,0,0,0,0,0,0,0,0,0,0,0,0,0,0,0,0,0,0,28,0,0,29,0,0,0,0,0,0,0,0,0,0,0,0,0,0,0,0,0,0,0,0,0,0,0,0,0,0,0,0,0,0,0,0,0,0,0,0,0,0,0,0,0,0,0,0,0,0,0,0,0,0,0,0,0,0,0,0,0,0,0,0,0,0,0,0,0,0,0,0,0,0,0,0,0,0,0,0,0,0,0,0,0,0,0,0,0,0,0,0,0,0,0,0,0,0,0,0,0,0,0,0,0,0,0,0,0,0,0,0,0,0,0,0,0,0,0,0,0,0,0,0,0,0,0,0,0,0,0,0,0,0,0,0,0,0,0,0,0,0,0,0,0,0,0,27,0,0,0,Eukaryota;Chordata;Aves;Passeriformes;Corvidae;Corvus;
0,0,0,0,0,0,0,0,0,0,0,0,0,0,0,0,0,0,0,0,0,0,0,0,0,0,0,0,0,0,0,0,0,0,0,0,0,0,0,0,0,0,0,0,0,0,0,0,0,0,0,0,0,0,0,380,0,0,0,0,0,0,0,0,0,0,0,0,0,0,0,0,0,0,0,0,0,0,0,0,0,0,0,0,0,0,0,0,0,0,0,0,0,0,0,0,190,0,0,0,0,0,0,39,0,0,0,0,0,0,0,0,0,0,0,0,0,0,0,0,58,0,0,0,0,0,0,0,0,0,0,0,0,0,0,0,0,0,0,0,0,0,0,0,0,0,0,0,0,0,0,0,0,0,0,0,0,0,0,0,0,0,0,0,0,0,0,0,0,0,0,0,0,0,0,0,0,0,0,0,0,0,0,0,0,0,0,0,0,0,0,0,0,0,0,0,0,0,0,0,0,0,0,0,0,0,0,0,0,0,0,0,0,0,0,0,0,0,0,0,0,0,0,0,0,0,0,0,0,0,0,0,0,0,0,0,0,0,0,0,0,0,20,0,0,0,0,0,18,0,0,0,0,0,0,0,0,0,0,0,13,0,0,0,0,0,0,0,0,0,0,0,0,0,Eukaryota;Chordata;Chondrichthyes;Carcharhiniformes;Triakidae;Galeorhinus;Galeorhinus galeus
0,0,0,0,0,0,0,0,0,0,0,0,0,0,0,0,0,0,0,0,0,0,0,0,0,0,0,0,0,0,0,32,0,0,0,0,0,43,0,0,0,0,0,0,0,0,0,0,0,0,0,0,0,15,67,0,0,0,233,0,0,0,0,181,0,0,0,0,0,0,0,0,0,0,0,23,0,0,0,0,0,47,0,0,0,0,0,0,0,0,0,0,0,0,0,0,0,0,0,0,0,0,0,0,0,0,0,0,0,0,0,0,0,0,0,0,0,0,0,0,0,0,0,0,0,0,0,0,0,0,0,0,0,0,0,0,0,0,0,0,2483,0,0,0,0,0,0,0,0,0,0,0,0,0,0,0,0,0,0,0,0,0,0,0,0,0,0,0,0,41,0,0,854,0,0,0,463,0,0,0,1029,0,0,0,0,0,0,0,111,0,161,0,0,911,138,0,0,0,0,0,0,0,0,0,0,0,0,0,0,0,0,113,0,0,0,0,0,0,0,0,0,0,0,0,0,0,0,0,0,0,0,0,0,0,0,0,0,0,0,0,0,0,0,0,0,0,0,0,0,0,0,0,0,0,0,0,0,0,0,0,0,0,0,0,0,0,0,0,0,0,0,0,0,0,Eukaryota;Chordata;Actinopteri;;Pomacentridae;Hypsypops;Hypsypops rubicundus
7,9,0,36,36,136,30,0,57,0,0,0,100,14,224,132,2,476,253,352,1778,69,18185,2386,8518,24,0,0,0,16,29,0,0,70,37,19,120,20,91,5,5,0,91,0,0,75,6,24,5,5,25,12,28,5,51,24,15,26,931,10,89,353,140,72,83,3,1856,0,0,35,4,10,100,29,36,33,17,41,24,88,17,7,91,0,16,30,5,0,20,9,0,4,0,8,15,0,180,26,24,5,0,195,539,69,0,32,19,127,55,13,0,4,1118,216,134,0,0,0,458,75,134,50,52,191,109,34,108,0,0,0,0,2,0,0,4,0,0,0,0,0,0,160,0,0,11,637,26,0,482,38,0,1205,367,89,43,14,0,103,0,9,6,20,0,10,11,3,6,0,1040,0,0,27,11,0,62,0,0,0,0,15,0,0,0,0,2,0,1399,0,0,0,0,6,0,0,0,301,0,0,187,5,0,577,3,0,0,0,0,0,0,0,2,0,0,0,0,0,3,3,28,2,0,0,0,0,0,7,73,2,69,77,656,182,27,0,0,0,177,192,0,0,6,324,168,22,6,0,0,157,29,1269,18,8,147,17,218,45,0,61,42,8,62,22,21,67,48,224,6,10,81,31,20,391,111,3,NA
0,0,0,0,0,0,0,0,0,0,0,0,0,0,0,0,0,0,0,0,0,0,0,0,0,0,0,0,0,0,0,0,0,0,0,0,0,0,0,0,0,0,0,0,0,0,0,0,0,0,0,0,0,0,0,0,0,23,0,15,192,474,131,199,0,0,0,0,0,0,0,0,0,0,0,0,0,0,0,0,0,0,0,0,0,0,0,0,0,0,0,0,0,0,0,0,0,0,0,0,0,0,0,0,0,0,0,0,0,0,0,0,0,0,0,33,0,0,0,0,0,0,0,0,0,0,0,0,0,0,0,0,0,0,0,0,0,0,0,0,0,0,0,0,0,0,0,0,0,0,0,0,0,0,0,0,0,5925,0,0,0,0,0,0,0,0,0,0,0,0,0,0,0,0,0,0,0,0,0,0,0,0,0,0,0,0,0,1095,332,0,1426,0,0,0,0,0,0,0,0,0,0,0,0,0,0,0,0,0,0,0,0,0,0,0,0,0,0,0,0,0,0,0,0,0,0,0,0,0,0,0,0,0,0,0,0,0,0,0,0,0,0,0,0,0,0,0,0,0,0,0,0,0,0,0,0,0,0,0,0,0,0,0,0,0,0,0,0,0,0,0,0,0,0,0,Eukaryota;Chordata;Actinopteri;Myctophiformes;Myctophidae;Triphoturus;Triphoturus mexicanus
0,0,0,0,0,0,0,0,0,0,0,0,0,40,208,0,0,0,0,0,0,0,0,0,0,0,0,0,0,0,0,0,0,0,0,0,0,0,0,0,0,0,0,0,0,0,0,0,0,0,0,0,0,0,0,0,0,0,0,0,0,0,0,0,0,0,0,0,0,0,0,0,0,0,0,0,0,0,0,0,0,0,0,74,0,0,0,84,114,0,36,158,0,0,0,0,0,0,0,0,0,0,0,0,0,0,0,0,0,0,0,0,0,0,0,0,0,0,0,0,0,0,0,0,0,0,0,0,707,0,0,0,0,678,0,0,0,0,0,1251,0,596,0,838,1229,0,0,0,0,0,0,0,0,0,0,0,0,0,0,0,0,0,0,0,0,0,0,0,0,0,0,0,0,0,0,0,0,0,0,0,0,0,0,0,0,0,0,0,0,0,0,0,0,0,0,0,0,0,0,0,0,0,0,0,0,0,0,0,0,0,0,0,0,0,0,0,0,0,0,0,1214,2666,2238,0,0,0,0,0,0,0,0,0,0,0,0,0,0,0,0,0,0,0,0,0,0,0,0,0,0,0,0,0,0,0,0,0,0,0,0,0,0,0,0,0,0,0,0,0,0,0,0,0,0,0,Eukaryota;Chordata;Actinopteri;Gobiiformes;Gobiidae;Lepidogobius;Lepidogobius lepidus
0,0,0,0,0,0,0,0,0,0,0,0,0,0,0,0,0,0,0,0,0,0,0,0,0,0,0,0,0,0,0,0,0,0,31,0,0,0,0,0,0,0,0,0,0,0,19,0,0,0,0,0,0,0,0,0,0,0,0,0,0,0,0,0,0,0,0,0,0,0,0,0,0,0,0,0,0,0,0,0,0,0,0,0,0,0,0,0,0,0,0,0,0,0,0,0,0,0,0,0,0,0,0,0,0,0,0,0,0,0,0,0,0,0,0,0,0,0,0,0,0,0,0,0,0,0,0,0,0,0,0,0,0,0,0,0,0,0,0,0,0,0,0,0,0,0,0,0,0,0,0,0,0,0,0,0,0,0,0,664,1030,0,39,0,1246,0,0,0,561,0,0,0,0,0,0,0,0,0,0,0,0,0,0,0,0,0,0,0,0,0,0,0,0,0,0,0,0,0,0,0,0,0,0,0,0,0,2665,0,0,0,0,0,0,0,0,0,0,0,0,0,0,0,0,0,0,0,0,0,0,0,0,0,0,0,0,0,0,0,0,0,0,0,0,0,0,0,0,0,0,0,0,0,0,0,0,0,0,0,0,0,3509,0,0,0,0,0,0,0,0,0,0,0,0,0,Eukaryota;Chordata;Actinopteri;Perciformes;Cottidae;Clinocottus;Clinocottus recalvus
0,0,0,0,0,0,0,0,0,0,0,0,0,0,0,0,0,0,0,0,0,0,0,0,0,0,0,0,0,0,0,0,0,0,0,0,0,0,0,0,0,0,140,470,0,0,0,0,0,0,0,0,0,0,0,0,0,0,0,0,0,0,0,0,0,0,0,0,0,0,0,0,0,0,21,50,79,0,0,0,0,0,0,0,0,0,0,0,26,0,0,0,0,0,0,0,0,0,0,0,0,0,0,0,0,0,0,0,0,0,0,0,0,0,0,0,0,0,0,0,0,0,0,0,0,0,43,0,0,0,0,0,0,0,0,0,0,0,0,2788,0,0,0,0,0,0,0,0,0,0,0,0,0,0,0,0,0,0,0,0,0,0,0,0,0,0,0,0,0,0,0,1223,300,223,1420,0,0,0,0,0,0,0,0,0,0,0,0,0,0,817,0,0,0,0,0,0,0,0,0,0,0,0,0,0,0,0,0,0,0,0,0,0,0,0,0,1006,1518,0,0,0,0,0,0,0,0,0,0,0,0,0,0,0,0,0,0,0,0,2494,0,0,0,5958,0,0,0,0,0,1632,0,0,0,0,0,0,0,0,0,0,250,0,0,0,0,0,0,0,0,0,0,0,0,0,0,0,Eukaryota;Chordata;Actinopteri;Blenniiformes;Gobiesocidae;Gobiesox;Gobiesox rhessodon
0,0,0,0,0,0,0,0,0,0,0,0,0,0,0,0,0,0,0,0,0,0,0,0,0,0,0,0,0,0,0,0,0,0,0,0,0,0,0,0,0,0,0,0,0,0,0,0,170,0,0,0,0,0,0,0,0,0,0,0,0,0,0,0,0,0,0,0,0,0,0,0,0,0,0,0,0,0,0,0,0,0,0,0,0,0,0,0,0,0,0,0,0,0,0,0,0,0,0,0,0,0,0,0,0,0,0,0,0,0,0,0,0,0,0,0,0,0,0,0,0,0,0,0,0,0,0,0,0,0,0,0,0,0,0,0,0,0,0,0,0,0,0,0,0,0,0,0,0,0,0,0,0,0,0,0,0,0,0,0,0,0,0,0,0,0,0,0,0,0,0,0,0,0,0,0,0,0,0,0,0,0,0,0,0,0,0,0,0,0,0,0,0,0,0,0,0,0,0,0,0,0,0,0,0,0,0,0,106,0,0,0,0,0,0,0,0,0,0,0,0,0,0,0,0,0,0,0,0,0,0,0,0,0,0,0,0,0,0,0,0,0,0,0,0,0,0,0,0,0,0,0,0,0,0,0,0,0,0,0,0,0,0,0,0,0,0,0,0,0,0,0,0,0,Eukaryota;Chordata;Actinopteri;Pleuronectiformes;Paralichthyidae;Citharichthys;
0,0,0,0,0,0,0,0,0,0,0,0,0,0,0,0,0,0,0,0,0,0,0,0,0,0,0,0,0,0,0,0,0,0,0,0,0,0,0,0,0,0,0,0,0,0,0,0,0,0,0,0,0,0,0,0,0,0,27,0,0,369,0,30,0,0,0,0,0,0,0,0,0,0,0,0,0,0,0,161,0,0,0,0,0,0,0,0,0,0,0,0,0,0,0,0,0,0,0,0,0,0,0,0,0,0,0,0,0,0,0,0,0,0,0,0,0,0,0,0,0,0,0,0,0,0,0,0,0,0,0,0,0,0,0,0,0,0,0,0,0,0,0,0,0,0,0,0,0,0,0,0,0,0,0,0,0,0,0,0,0,0,0,0,0,0,0,0,0,0,269,0,0,0,0,0,0,0,0,0,0,0,0,0,0,0,0,0,0,0,0,2176,0,0,0,0,0,0,0,0,0,0,0,0,0,0,0,0,0,0,0,106,134,340,353,0,0,0,0,0,0,0,0,0,0,0,0,0,0,0,0,0,0,0,0,0,0,0,0,0,0,0,0,0,0,0,0,0,0,0,0,0,0,0,0,0,0,0,0,0,0,0,0,0,0,0,0,0,0,0,0,0,0,0,Eukaryota;Chordata;Actinopteri;Blenniiformes;Labrisomidae;Labrisomus;Labrisomus xanti
0,0,0,0,0,0,0,0,0,0,0,0,0,0,0,0,0,0,0,0,0,0,0,0,0,0,0,0,0,0,0,0,0,0,0,0,0,0,0,0,0,0,0,0,0,0,0,0,0,0,0,0,0,0,0,0,0,0,0,0,0,0,0,0,0,0,0,0,0,0,0,0,0,0,0,0,0,0,0,0,0,0,0,0,0,0,0,0,0,0,0,0,0,0,0,0,0,0,0,0,0,0,0,0,0,0,0,0,0,0,116,0,62,38,24,0,0,0,0,0,0,0,0,0,0,0,0,0,0,0,0,0,0,0,0,0,0,0,0,0,0,0,0,0,0,0,0,0,0,0,0,0,0,0,0,0,0,0,0,0,0,0,0,0,0,0,0,0,0,0,0,0,0,0,0,0,0,0,0,0,0,0,0,0,0,0,0,0,0,0,0,0,0,0,0,0,0,0,0,0,0,0,0,0,0,0,0,0,0,0,0,0,0,0,0,0,0,0,0,0,0,0,0,0,0,0,0,0,0,0,0,0,0,0,0,0,0,0,0,0,0,0,0,0,0,0,0,0,0,1590,335,0,1203,1407,3337,305,852,0,0,0,0,0,0,0,0,0,0,0,0,0,0,0,0,0,Eukaryota;Chordata;Actinopteri;;Sciaenidae;Roncador;Roncador stearnsii
0,0,0,0,0,0,0,0,0,0,0,0,0,0,0,186,73,0,0,0,0,0,0,0,0,0,0,0,0,0,0,0,0,0,0,0,0,0,0,0,0,0,0,0,0,0,0,0,0,0,0,0,0,0,0,0,156,0,0,0,165,0,0,0,0,0,0,0,0,0,0,0,0,0,0,0,0,0,0,0,0,0,0,0,0,0,0,0,0,0,0,0,0,0,0,0,0,0,0,0,0,0,0,0,0,0,0,0,0,0,0,0,0,0,0,0,0,0,0,0,0,0,0,0,0,0,0,0,0,0,0,0,0,0,0,0,0,0,0,0,0,0,0,0,0,0,0,0,0,0,0,0,0,0,0,0,0,0,0,0,0,0,0,0,0,0,0,0,0,0,0,0,0,0,0,0,0,0,0,0,0,0,0,0,0,0,237,0,0,0,450,0,0,0,0,0,0,0,0,0,0,0,0,0,0,0,0,0,0,0,0,0,0,0,0,0,0,0,0,0,0,0,0,0,0,0,0,0,0,0,0,0,0,0,0,0,0,0,0,0,0,0,0,0,0,0,0,0,0,0,0,0,0,0,0,0,0,0,0,0,0,0,0,0,0,0,0,0,0,0,0,0,0,0,Eukaryota;Chordata;Actinopteri;Scombriformes;Scombridae;Sarda;Sarda chiliensis
0,0,0,0,0,0,0,0,0,0,0,0,0,0,0,0,0,0,0,0,0,0,0,0,0,0,0,0,0,0,0,0,0,0,0,0,0,0,0,0,0,0,0,0,0,0,0,0,0,0,0,0,0,0,0,0,0,0,0,0,0,0,0,0,0,0,0,0,0,0,0,0,0,0,0,0,0,0,0,0,0,0,0,0,0,0,0,0,0,0,0,0,0,0,0,0,0,0,0,0,0,0,0,0,0,0,0,0,0,0,201,156,115,55,25,0,0,0,0,0,0,0,0,0,0,0,0,0,0,0,0,0,0,0,0,0,0,0,0,0,0,0,0,0,0,0,0,0,0,0,0,0,0,0,0,0,0,0,0,0,0,0,0,0,0,0,0,0,0,0,0,0,0,0,0,0,0,0,0,0,0,0,0,0,0,0,0,0,0,0,0,0,0,0,0,0,0,0,0,0,0,0,0,0,0,0,0,0,0,0,0,0,0,0,0,0,0,0,0,0,0,0,0,0,0,0,0,0,0,0,0,0,0,0,0,0,0,0,0,0,0,0,0,0,0,0,0,0,0,4496,0,2988,0,858,0,0,0,0,0,0,0,0,0,0,0,0,0,0,0,0,0,0,0,0,Eukaryota;Chordata;Actinopteri;Beloniformes;Exocoetidae;Fodiator;Fodiator acutus
0,0,0,0,0,0,0,0,0,0,0,0,0,0,0,0,0,0,0,0,0,0,0,0,0,0,0,0,0,0,0,0,0,0,0,0,0,0,0,0,0,0,0,0,0,0,0,0,0,0,0,0,0,0,0,0,0,0,0,0,0,0,0,0,0,0,0,0,0,0,0,0,0,0,0,0,0,0,0,0,0,0,0,0,0,0,0,0,0,0,0,0,0,137,135,174,0,0,0,0,0,0,0,0,0,0,0,0,0,0,0,0,0,0,0,0,0,0,0,0,0,0,0,0,0,0,0,0,0,0,0,0,0,0,0,0,0,0,0,0,0,0,0,0,0,0,0,0,0,0,0,0,0,0,0,0,0,0,0,0,0,0,0,0,0,0,0,0,0,0,0,0,0,0,0,0,0,0,0,0,0,0,0,0,0,0,0,0,0,0,0,0,0,0,0,0,0,0,0,0,0,0,0,0,0,0,0,0,0,0,0,0,0,0,0,0,0,0,0,0,0,0,0,0,0,0,0,0,0,0,0,0,0,0,40,0,0,0,0,0,0,0,0,0,0,0,0,0,0,0,0,0,0,0,0,0,0,0,0,0,0,0,0,0,0,0,0,0,0,0,0,0,0,0,Eukaryota;Chordata;Chondrichthyes;Carcharhiniformes;Triakidae;Mustelus;Mustelus californicus
0,0,0,0,0,0,0,0,0,0,0,0,0,0,0,0,0,0,0,0,0,0,0,0,0,0,0,0,0,0,0,0,0,0,0,7,0,0,0,26,0,0,0,0,0,0,0,0,0,0,0,0,0,27,0,0,0,0,0,0,0,0,0,0,0,0,0,0,0,0,0,0,0,0,0,0,0,0,0,0,0,0,0,0,0,0,0,0,0,0,0,0,0,0,0,0,8,17,0,0,0,0,0,13,0,0,0,0,0,0,0,0,0,0,0,0,0,0,0,0,0,0,0,0,0,0,0,44,0,0,0,0,0,0,0,0,0,0,0,0,0,0,0,0,0,0,0,0,0,0,0,0,0,0,0,0,0,0,0,0,36,12,0,0,0,0,8,140,0,0,0,0,0,0,0,0,0,883,0,0,879,3013,0,0,1888,0,0,0,0,0,0,0,0,0,0,0,0,0,0,0,0,0,0,0,0,0,0,0,0,0,0,0,0,0,0,0,0,0,0,0,0,0,0,0,0,0,0,19,0,0,0,0,0,0,0,0,0,0,0,0,0,0,120,0,0,0,0,65,0,0,0,0,0,0,0,0,0,0,0,0,212,0,0,0,0,0,0,0,0,0,0,0,0,0,Eukaryota;Chordata;Actinopteri;Perciformes;Cottidae;Oligocottus;Oligocottus snyderi
0,0,0,0,0,0,0,0,0,0,0,0,0,0,0,0,0,0,0,0,0,0,0,0,0,0,0,0,0,0,0,0,0,0,0,0,0,0,0,0,0,0,0,0,0,0,0,0,0,0,0,0,0,0,0,0,0,0,0,0,0,0,0,0,0,0,0,0,0,0,0,0,0,0,0,0,0,0,0,0,0,0,0,0,66,88,0,23,45,0,16,0,0,0,80,26,0,0,0,0,0,0,0,0,0,0,0,0,0,0,0,0,0,0,0,0,0,0,0,0,0,0,0,0,0,0,0,0,0,0,0,0,0,0,0,0,0,0,0,0,0,0,0,0,0,0,0,0,0,0,0,0,0,0,0,0,0,0,0,0,0,0,0,0,0,0,0,0,0,0,0,0,0,0,0,0,0,0,0,0,0,0,0,0,0,0,0,0,0,0,0,0,0,0,0,0,0,0,0,0,0,0,0,0,0,0,0,0,0,0,0,0,0,0,0,0,0,0,3,0,0,0,0,0,0,0,0,0,0,0,0,0,0,0,0,0,0,0,0,0,0,0,0,0,0,0,0,0,0,0,0,0,0,0,0,0,0,0,0,0,0,0,0,0,0,0,0,0,0,0,0,0,0,0,Eukaryota;Chordata;Aves;Charadriiformes;Scolopacidae;;
0,0,0,0,0,0,0,0,0,0,50,0,51,0,0,0,0,303,1334,1526,6641,149,1900,212,619,0,0,0,0,0,0,385,50,1898,407,792,2288,1171,1137,4105,0,0,0,187,0,734,36,0,191,223,732,1832,3176,486,1633,1639,0,0,0,0,0,0,231,164,713,0,0,114,17,0,0,0,0,0,1381,849,889,1942,592,2996,766,237,242,243,203,328,1214,788,541,747,514,581,86,675,269,358,356,39,14,1037,357,591,121,68,454,3108,2597,132,177,14,203,0,0,0,22,0,0,0,3580,840,1200,565,701,3152,2137,407,1831,0,0,0,0,0,0,0,0,0,8,0,0,0,0,0,0,0,0,478,190,119,487,362,68,311,72,62,0,0,0,0,0,0,17,6,0,32,22,27,56,36,0,10,0,0,28,6,17,0,0,15,31,94,5,6,5,20,39,15,0,0,0,0,0,0,0,0,0,0,0,0,0,0,0,0,0,0,0,0,0,0,12,16,0,16,30,69,7,7,20,8,27,0,11,36,24,11,10,23,107,44,102,0,0,0,0,18,21,18,20,30,40,23,10,0,11,19,31,49,19,9,9,0,0,0,0,4,26,0,0,0,0,0,0,0,0,0,0,361,24,79,93,104,157,135,308,92,Eukaryota;Chordata;Chondrichthyes;Carcharhiniformes;Triakidae;Triakis;Triakis semifasciata
0,0,0,0,0,0,0,0,0,0,0,0,0,0,0,0,0,0,0,0,0,0,0,0,0,0,0,0,0,0,0,0,0,0,0,0,0,0,0,0,0,0,0,0,0,0,0,0,0,0,0,0,0,0,0,0,0,0,0,0,0,0,0,0,0,0,0,0,0,0,0,0,0,0,0,0,0,0,0,0,0,0,0,0,0,0,0,0,0,0,0,0,0,0,0,0,0,0,0,0,0,0,0,0,0,0,0,0,0,0,0,14,13,11,0,0,0,0,0,0,0,0,0,0,0,0,0,0,0,0,0,0,0,0,0,0,0,0,0,0,0,0,0,0,0,0,0,0,0,0,0,0,0,0,0,0,0,0,0,0,0,0,0,0,0,0,0,0,0,0,0,0,0,0,0,0,0,0,0,0,0,0,0,0,0,0,0,0,0,0,0,0,0,0,0,0,0,0,0,0,0,0,0,0,0,0,0,0,0,0,0,0,0,0,0,0,0,0,0,7,0,0,0,0,0,0,0,0,0,0,0,0,0,0,0,0,0,0,0,0,0,0,0,0,0,0,0,0,0,121,10,77,64,330,818,253,194,0,0,0,0,0,0,0,0,0,0,0,0,0,0,0,0,0,Eukaryota;Chordata;Actinopteri;Beloniformes;Belonidae;Strongylura;Strongylura exilis
104,0,0,0,0,0,0,48,0,0,0,0,0,75,0,0,0,624,0,0,0,0,0,0,0,0,0,0,0,0,0,536,200,5343,3170,2072,17773,1247,2090,3907,0,0,218,211,0,266,0,0,1534,381,5582,1629,2997,260,2025,1833,0,0,0,0,0,1069,0,0,0,0,198,0,0,0,0,0,0,0,0,0,0,0,0,0,0,0,0,305,243,120,156,254,104,354,75,509,0,887,862,1291,0,0,0,2111,789,3511,0,0,707,2435,3541,0,0,0,1474,235,0,0,25,0,0,0,0,0,0,0,0,0,116,0,3,0,1383,0,0,262,0,410,0,0,0,186,0,0,1400,0,0,0,3,0,0,0,0,0,0,0,0,0,0,0,0,0,0,13865,13123,16251,4164,39044,18938,9581,16503,6492,0,1147,0,781,0,0,1246,822,0,9456,10749,67921,4541,14952,4377,9652,8412,3472,406,0,0,0,0,0,0,0,0,3802,0,0,0,0,0,13123,0,0,1645,0,0,17141,0,0,0,0,0,0,0,0,0,4257,9729,1493,2363,3660,5510,1673,2165,5490,0,0,0,0,0,0,9547,10027,17901,19088,0,0,33277,17098,24227,0,0,0,16874,15736,8528,0,0,0,413,0,9089,2536,2465,754,0,0,0,0,0,0,0,0,0,0,0,0,0,0,0,836,0,0,Eukaryota;Chordata;Actinopteri;Clupeiformes;Clupeidae;Sardinops;Sardinops sagax
0,0,0,0,0,0,0,0,0,0,0,0,0,0,0,0,0,0,0,0,0,0,0,0,0,0,0,0,0,0,0,0,0,0,0,0,0,0,0,0,0,0,0,0,0,0,0,0,0,0,0,0,0,0,0,0,0,0,0,0,0,0,0,0,0,0,0,0,0,0,0,0,0,0,0,0,0,0,0,0,0,0,0,0,0,0,0,0,0,0,0,0,0,0,0,0,0,0,0,0,0,0,0,0,0,0,0,0,0,0,0,0,0,0,0,0,0,0,0,0,0,0,0,0,0,0,0,0,0,0,0,0,0,0,0,0,0,0,0,0,0,0,0,0,0,0,0,0,0,0,0,0,0,0,0,0,0,0,0,0,0,0,0,0,0,0,0,0,0,0,0,0,0,0,0,0,0,0,0,0,0,0,0,0,0,0,0,0,0,0,0,0,0,0,0,0,0,0,0,0,0,0,0,0,0,0,0,0,0,0,0,0,0,0,0,0,0,0,0,0,0,0,0,0,0,0,0,0,0,0,0,0,0,0,0,0,0,0,0,970,0,0,0,0,0,0,0,0,0,0,0,0,0,0,0,0,0,0,0,0,0,0,0,0,0,0,0,0,0,0,0,0,0,0,Eukaryota;Chordata;Actinopteri;Scombriformes;Stromateidae;Peprilus;Peprilus simillimus
0,0,0,0,0,0,0,0,0,0,0,0,0,0,0,0,0,0,0,0,0,0,0,0,0,0,0,0,0,0,10,0,0,7,0,3,0,0,0,0,0,0,0,0,0,0,0,0,0,0,0,0,0,0,0,0,0,0,0,0,0,0,0,0,0,0,0,0,0,3,0,0,0,0,0,0,0,0,0,0,0,0,0,0,0,0,0,0,0,0,0,0,0,0,0,0,0,0,0,0,0,0,41,0,0,0,0,0,0,5,0,0,0,0,0,2,18,0,41,0,11,0,0,0,0,0,0,0,0,0,0,0,0,0,0,0,0,0,0,0,0,0,0,0,0,0,0,0,0,0,0,0,0,0,0,0,0,4,0,0,0,0,0,0,0,0,0,0,0,0,0,0,0,0,0,0,0,0,0,0,0,0,0,0,0,0,0,0,0,0,0,0,0,0,0,0,0,0,0,0,0,0,0,0,0,0,0,0,0,0,0,0,0,0,0,0,0,0,0,0,0,0,0,0,0,0,0,0,0,84,0,0,0,0,0,0,0,0,0,0,0,0,0,0,0,0,0,0,0,0,0,0,0,0,0,0,0,0,0,0,0,0,0,0,0,32,0,0,0,0,0,5,0,0,Eukaryota;Chordata;Aves;Pelecaniformes;Phalacrocoracidae;Urile;Urile pelagicus
0,0,0,0,0,0,0,0,0,0,104,0,0,0,0,0,0,0,0,0,0,0,0,0,0,0,0,0,0,0,0,0,0,0,0,0,0,0,0,0,0,0,0,0,0,0,0,0,0,0,0,0,0,0,0,0,0,0,0,0,0,0,0,0,0,0,0,0,0,0,0,0,0,0,0,0,0,13,0,13,0,0,0,0,0,0,0,0,0,0,0,0,0,0,0,0,0,0,0,0,0,0,0,0,0,0,0,0,0,0,0,0,0,0,0,0,0,0,0,0,0,0,0,0,0,0,0,0,0,0,0,0,0,0,0,0,0,0,1875,0,908,0,1474,0,893,0,0,0,0,0,0,0,0,0,0,0,0,0,0,0,0,0,0,0,0,0,0,0,0,0,0,0,0,0,0,0,0,0,0,0,0,0,0,0,0,0,0,0,0,0,0,0,0,0,0,0,0,0,0,0,0,0,0,0,0,0,0,0,0,0,0,0,0,0,656,0,0,0,0,0,0,0,0,0,0,0,0,0,0,0,0,0,0,0,0,0,0,0,0,0,0,0,0,0,0,0,0,0,0,0,0,0,0,0,0,0,0,0,0,0,0,0,0,0,0,0,0,0,0,0,0,0,0,0,Eukaryota;Chordata;Actinopteri;Clupeiformes;Dussumieriidae;Etrumeus;Etrumeus teres
0,0,0,0,0,0,0,0,0,0,0,0,0,0,0,0,0,0,0,0,0,0,0,0,0,0,0,0,0,0,0,0,0,0,0,0,0,0,0,0,0,0,0,0,0,0,0,0,3011,118,5271,3465,13011,3036,5292,5235,0,0,0,0,0,0,0,0,0,0,0,0,0,0,0,0,0,0,0,0,0,0,0,0,0,0,0,338,88,391,177,0,290,105,35,0,0,1712,695,490,0,0,0,2398,2575,3182,0,0,657,5891,5602,0,0,0,0,0,0,0,31,0,0,0,0,0,0,0,0,0,0,0,0,0,0,0,0,0,0,0,0,0,0,0,0,0,0,0,0,0,0,0,0,0,0,0,0,0,0,0,0,0,0,0,0,0,0,0,0,0,0,0,0,0,0,0,0,0,0,0,0,0,0,19,17,187,36,50,312,73,240,115,0,0,0,0,0,0,0,0,0,0,0,0,0,0,0,0,0,0,0,0,0,0,0,0,0,0,0,0,0,0,0,0,6,4,16,0,3,0,0,0,0,0,0,0,0,0,0,23,47,42,0,0,114,42,65,0,0,0,106,106,54,0,0,0,0,0,0,0,0,0,0,0,0,0,0,0,0,0,0,0,0,0,0,0,0,0,0,0,Eukaryota;Chordata;Mammalia;Artiodactyla;Delphinidae;Tursiops;Tursiops truncatus
0,0,0,0,6,0,0,0,29,0,0,0,0,0,0,0,0,0,0,0,0,0,0,0,0,0,0,0,18,0,0,0,0,0,0,0,0,0,11,0,0,0,0,0,0,0,0,0,0,0,0,0,0,0,0,0,0,0,0,0,0,0,0,0,0,21,0,19,0,0,0,0,0,0,0,0,0,0,0,0,0,0,0,0,0,0,0,0,0,0,0,0,0,0,0,0,0,0,0,0,0,0,0,0,0,0,0,0,0,0,0,0,0,0,0,0,0,0,0,8,0,0,0,0,0,0,0,0,0,0,0,0,9,0,0,34,0,0,0,0,0,0,0,0,0,0,0,0,0,0,0,0,0,0,0,0,0,0,0,0,0,0,0,0,0,0,0,0,0,0,0,0,0,0,0,0,0,0,0,0,0,0,0,0,0,0,0,0,0,0,0,0,17,0,0,0,0,0,0,0,0,0,0,0,0,0,0,0,0,0,0,0,0,0,0,0,0,0,0,0,0,0,0,0,0,0,0,0,0,0,0,0,0,0,0,0,0,0,0,0,0,0,0,0,0,0,0,0,0,0,0,0,0,0,0,0,0,0,0,0,0,0,0,0,0,0,30,0,0,29,0,44,203,0,Eukaryota;Chordata;Actinopteri;Gobiiformes;Gobiidae;Rhinogobiops;Rhinogobiops nicholsii
73,0,67,290,289,999,267,94,447,0,202,182,124,53,75,273,179,2214,0,0,0,0,0,0,0,349,808,302,45,54,684,124,0,716,98,0,345,23,0,71,322,20,0,3052,0,659,96,17,0,10,760,589,2694,399,667,0,115,12,246,0,0,993,439,0,205,0,0,0,0,0,124,971,0,0,1085,98,406,732,480,2510,281,92,743,479,60,369,119,287,75,269,228,640,92,0,0,14,11,0,46,0,0,0,48,51,0,0,195,148,0,22,0,0,0,0,0,142,0,0,1562,108,145,32,76,582,547,121,115,1169,2652,1101,1001,812,297,1830,2525,4295,563,3086,3681,939,246,159,5755,0,59,0,0,0,0,0,0,0,0,0,0,0,273,0,872,772,1122,0,0,0,541,0,0,0,2058,643,0,0,2520,1079,1065,0,560,1013,882,0,466,1077,0,1186,0,1196,442,0,39,0,0,1313,0,477,1821,1166,0,1652,1215,581,1389,0,1360,0,5744,0,0,11817,600,1092,1128,1454,3153,9614,1273,687,1244,713,4771,2474,1507,1765,1489,1274,1622,924,4471,2796,0,0,11722,0,0,0,0,374,0,1351,0,0,0,4241,1157,779,0,0,0,2564,4357,0,0,0,0,0,0,0,0,0,0,0,1592,0,0,2276,9809,1886,635,0,1638,1478,1672,815,4401,1019,Eukaryota;Chordata;Actinopteri;Blenniiformes;Clinidae;Gibbonsia;
0,0,0,0,0,0,0,0,3134,0,0,0,0,0,0,283,30,0,2066,0,895,0,0,0,0,0,0,0,0,0,0,0,0,0,0,0,0,0,0,0,0,0,0,0,0,0,0,0,235,0,258,0,0,421,349,792,0,0,0,0,0,0,0,0,0,0,0,0,0,0,0,0,0,0,0,0,0,0,0,0,110,46,326,227,389,248,388,217,372,141,473,862,0,0,9,170,0,0,0,800,483,349,0,0,110,624,478,0,0,0,1112,52,202,83,117,0,0,0,0,0,0,0,0,0,0,3,0,0,0,0,0,0,0,0,0,0,0,0,0,4015,0,0,0,0,0,0,0,0,0,0,0,0,0,0,0,0,0,0,0,0,0,0,0,0,0,0,0,0,0,0,0,0,0,0,0,0,0,505,1172,0,2006,0,4303,1701,3651,1578,0,0,0,0,0,0,0,0,0,0,0,0,0,0,0,0,0,0,0,0,0,0,0,0,0,0,0,0,0,0,0,3946,3974,3169,1827,6243,2492,2638,1713,7318,0,0,0,0,0,0,0,3191,1362,6835,0,0,14091,4953,3048,0,0,0,2193,6631,2601,0,0,18365,3471,1365,9588,5614,6469,2051,2591,0,0,0,0,0,0,0,0,0,0,0,0,0,0,0,2596,0,Eukaryota;Chordata;Actinopteri;;Sciaenidae;Menticirrhus;Menticirrhus undulatus
0,0,0,0,0,0,0,0,0,0,0,0,0,0,0,0,0,0,0,0,0,0,0,0,0,0,0,0,0,0,0,0,0,0,0,0,0,0,0,0,0,0,0,0,0,0,0,0,0,0,0,0,0,0,0,0,0,0,0,0,0,0,0,0,0,0,0,0,0,0,0,0,0,0,0,0,0,0,0,0,0,0,0,0,0,0,0,24,0,0,0,0,0,0,0,0,0,0,0,0,0,0,0,0,0,0,0,0,0,0,0,0,0,0,0,0,0,0,0,0,0,0,0,0,0,0,0,0,0,0,0,0,0,0,0,0,0,0,0,0,0,0,0,0,0,0,0,0,0,0,0,0,0,0,0,0,0,0,0,0,0,0,0,0,0,0,0,0,0,0,0,0,0,0,0,0,0,0,0,0,0,0,0,0,0,0,0,0,0,0,0,0,0,0,0,0,0,0,0,0,0,0,0,0,0,0,0,0,0,0,0,0,0,0,0,0,0,0,0,0,0,1188,466,0,0,0,0,0,0,0,0,0,0,0,0,0,0,0,0,0,0,0,0,0,0,0,0,0,0,0,0,0,0,0,0,0,0,0,0,0,0,0,0,0,0,0,0,0,0,0,0,0,0,0,Eukaryota;Chordata;Actinopteri;Centrarchiformes;Kyphosidae;Kyphosus;Kyphosus analogus
0,0,0,0,0,0,0,0,1751,0,0,0,0,0,0,0,0,0,0,0,0,108,0,0,0,0,0,0,0,0,0,0,0,0,0,0,0,0,0,0,0,0,2342,1218,0,0,0,0,0,0,0,0,0,0,0,0,0,0,0,0,0,0,0,0,0,1258,2618,42,176,1540,181,0,0,0,0,0,0,0,0,0,0,0,0,0,649,0,0,0,0,0,319,0,0,0,0,0,0,0,0,0,0,0,0,0,0,0,0,0,0,0,0,46,0,0,0,0,0,0,4179,369,1517,265,192,996,549,97,85,0,0,0,5,0,0,3,1819,0,0,0,0,0,0,0,0,0,0,0,27,0,0,0,0,0,0,0,0,0,0,0,0,0,0,0,0,0,0,0,0,0,22,0,0,89,35,5,0,0,0,0,0,0,0,0,0,0,0,0,0,0,0,0,0,0,0,6,0,42,25,0,102,12,0,0,20,0,0,0,0,0,0,0,0,0,0,0,0,0,0,0,0,0,6,0,0,4,0,0,0,0,0,0,0,0,0,0,0,0,0,0,0,0,0,0,0,0,0,0,0,0,0,38,0,0,0,0,0,0,0,0,0,0,0,0,0,0,0,42,7,5,0,14,0,24,185,24,Eukaryota;Chordata;Chondrichthyes;Heterodontiformes;Heterodontidae;Heterodontus;Heterodontus francisci
0,0,0,0,0,0,0,0,0,0,0,0,0,0,0,0,0,0,0,0,0,0,0,0,0,0,0,0,0,0,0,0,0,0,0,0,0,0,0,0,0,0,0,0,0,0,0,0,0,0,0,0,0,0,0,0,0,0,0,0,0,0,0,0,0,0,0,0,0,0,0,0,0,0,0,0,0,0,0,0,0,0,0,0,0,0,0,0,0,0,0,12,0,0,0,0,0,0,0,0,0,0,0,0,0,0,0,0,0,0,0,0,0,0,0,0,0,0,0,0,0,0,0,0,0,0,0,0,0,0,0,0,0,0,0,0,0,0,0,0,0,0,0,0,0,0,0,0,0,0,0,0,0,0,0,0,0,0,0,0,0,0,0,0,0,0,0,0,0,0,0,0,0,0,0,0,0,0,0,0,0,0,0,0,0,0,0,0,0,0,0,0,0,0,0,0,0,0,0,0,0,0,0,0,0,0,0,0,0,0,0,0,0,0,0,0,262,121,0,95,0,0,0,0,40,0,0,0,0,0,0,0,0,0,0,0,0,0,0,0,0,0,0,0,0,0,0,0,0,0,0,0,0,0,0,0,0,0,0,0,0,0,0,0,0,0,0,0,0,0,0,0,0,0,Eukaryota;Chordata;Actinopteri;Aulopiformes;Synodontidae;Synodus;Synodus lucioceps
197,150,104,569,343,756,619,205,741,0,0,0,0,0,0,0,0,0,52,0,0,0,0,0,0,0,28,593,26,58,281,0,0,0,0,0,1770,0,23,0,860,0,21,452,36,361,0,28,0,0,49,511,763,2284,3754,5868,0,0,0,0,0,0,0,0,0,2580,739,506,409,231,65,110,0,0,428,144,646,434,284,1795,384,81,956,350,579,542,307,119,97,845,518,1364,0,0,0,0,0,0,0,0,0,0,0,0,0,0,0,125,37,36,0,0,0,0,0,163,64,0,670,181,318,172,187,261,264,663,394,659,1656,1983,1992,1559,2665,2537,6836,5520,0,0,0,0,0,0,0,0,0,0,0,0,0,0,0,0,0,0,5878,0,1885,0,577,2337,2585,0,354,840,0,408,680,0,2310,2711,5489,811,1246,2308,668,757,991,195,0,6971,2456,6908,8633,34092,49762,16735,0,0,0,0,0,0,0,0,0,11520,557,892,2686,0,746,8057,5037,14334,0,4013,1595,17547,762,1916,1955,3188,3929,10449,1813,930,3301,4474,5526,1488,1089,2277,1677,4580,6571,15482,0,0,12138,0,9246,0,0,0,0,0,0,0,2022,0,0,4390,3894,8186,0,0,0,1874,9695,0,346,0,0,0,0,0,0,0,0,0,0,4471,0,0,6139,12334,1298,4800,3820,3919,14334,6984,9662,3099,Eukaryota;Chordata;Actinopteri;;Embiotocidae;Embiotoca;Embiotoca jacksoni
0,0,0,0,0,0,0,0,0,0,0,0,0,0,0,0,0,0,0,0,0,0,0,0,0,0,0,0,0,0,0,0,0,0,0,0,0,0,0,0,0,0,0,0,0,0,0,0,0,0,0,0,0,0,0,0,0,0,0,0,0,0,0,0,0,0,0,0,0,0,0,0,0,0,0,0,0,0,0,0,0,0,0,0,0,0,0,0,0,0,0,0,0,0,0,0,0,0,0,0,0,0,0,0,0,0,0,0,0,0,0,0,0,0,0,0,0,0,0,0,0,0,0,0,0,0,0,0,0,0,0,0,0,0,0,0,0,0,0,1,0,0,0,0,0,0,0,0,0,0,0,0,0,0,0,0,0,0,0,0,0,0,0,0,0,0,0,0,0,0,0,0,0,0,0,0,0,0,0,0,0,0,0,0,0,0,0,0,0,0,0,0,0,0,0,0,0,0,0,0,0,0,0,0,0,0,0,0,0,0,0,0,0,0,0,0,0,0,0,0,0,0,0,0,0,7,0,0,0,0,0,0,0,0,0,0,0,0,0,0,0,0,0,0,1,0,0,0,0,13,1,0,20,0,0,0,0,0,0,0,0,0,0,0,0,0,0,0,0,0,0,0,0,0,Eukaryota;Chordata;Actinopteri;;Sciaenidae;;
0,0,0,0,0,0,0,0,0,0,0,0,0,0,0,0,0,0,0,0,0,0,0,0,0,0,0,0,0,0,0,0,0,0,0,0,0,0,0,0,0,0,0,0,0,0,0,0,0,0,0,0,0,0,0,0,0,0,0,0,0,0,0,0,0,0,0,0,0,0,0,0,0,0,0,0,0,0,0,0,0,0,0,0,0,0,0,0,0,0,0,0,0,0,0,0,0,0,0,0,0,0,0,0,0,0,0,0,0,0,0,0,0,0,0,0,0,0,0,0,0,0,0,0,0,0,0,0,0,0,66,0,678,0,0,0,0,0,0,0,0,0,0,0,0,0,0,0,0,0,0,0,0,0,0,5337,0,0,0,0,0,0,0,0,0,0,0,0,0,0,0,0,0,0,0,0,0,0,0,0,0,0,0,0,0,0,0,0,0,0,0,0,0,0,0,0,0,0,0,692,0,0,0,0,0,0,0,0,0,0,0,0,0,0,0,0,0,0,0,0,0,0,0,0,0,0,0,0,0,0,0,0,0,0,0,0,0,0,0,0,0,0,0,1311,0,0,0,0,0,0,0,0,0,0,0,0,0,0,0,0,0,0,0,0,0,0,0,1790,0,0,0,0,0,1260,Eukaryota;Chordata;Actinopteri;Perciformes;Pholidae;;
209,236,231,8,0,25,56,27,103,664,394,733,428,11,9,7325,1833,19972,0,220,0,50,160,13,0,6691,1495,3087,870,509,2023,288,155,3659,2374,1428,15647,0,28,220,0,8,1957,1169,102,757,213,167,0,28,183,0,1586,0,0,464,378,253,2761,300,2369,9772,671,2126,1298,374,290,79,45,0,45,161,249,50,888,177,117,308,228,1066,413,248,559,483,309,821,80,79,163,600,365,570,1811,195,66,62,2283,301,383,79,60,16,2231,403,21,0,0,679,248,291,781,322,363,40,333,293,965,0,7,115,8,393,591,1135,453,283,705,0,0,0,0,0,0,0,5,0,114,53,32,0,0,12,419,178,288,36,0,5,0,0,0,37,0,0,1100,207,8,0,4,6,40,14,31,87,28,4,0,0,3,0,0,99,48,6,125,12,8,0,0,4,0,0,0,0,0,0,30,15,10,25,30,58,17,23,0,20,5,14,55,0,101,0,0,0,0,4,0,0,0,0,0,0,0,15,14,27,62,13,21,0,0,17,10,0,7,13,0,0,0,66,78,0,0,0,0,10,440,147,6,0,6,333,84,12,0,0,0,214,39,139,6,7,105,0,103,20,19,56,149,30,39,150,14,14,0,0,0,0,100,45,39,70,71,46,Eukaryota;Chordata;Mammalia;Primates;Hominidae;Homo;Homo sapiens
0,0,0,0,0,382,0,0,0,0,0,0,0,50,0,0,0,0,96,0,0,14,0,0,0,0,0,0,0,0,0,0,0,0,0,0,268,131,147,118,61,0,701,497,11,0,13,55,0,0,0,0,0,0,0,0,0,0,0,0,0,0,0,0,0,0,0,0,0,0,0,0,0,0,20,66,0,0,0,0,123,0,340,182,67,98,63,74,120,0,35,65,0,329,326,293,0,0,0,1730,341,999,182,0,306,2224,1545,0,0,0,0,0,0,0,0,0,0,0,485,0,0,0,100,0,116,187,284,0,1182,0,50,0,917,0,42,0,0,0,0,5068,1706,676,4457,2661,0,6228,0,0,10414,0,1584,0,0,0,0,0,0,0,0,0,0,0,65,0,1077,271,559,312,0,0,0,895,10467,2871,2811,0,439,1180,0,6352,1138,4370,0,0,2658,554,0,0,0,0,0,0,0,0,502,2037,0,0,2225,453,0,0,0,0,0,0,0,0,170,249,44,0,0,0,0,0,187,405,0,495,270,1371,458,270,609,0,0,0,0,0,0,0,0,3115,4533,10497,0,0,4586,11893,8582,0,0,0,8766,3048,2069,0,0,0,989,0,0,0,0,0,0,0,0,0,0,0,0,0,0,6085,0,0,673,0,2840,3558,1745,4976,Eukaryota;Chordata;Actinopteri;Atheriniformes;Atherinopsidae;Leuresthes;Leuresthes tenuis
0,0,0,0,0,0,0,0,0,0,0,0,0,0,0,0,0,0,0,0,0,0,0,0,0,0,0,0,0,0,0,0,0,0,0,0,0,0,0,0,0,0,0,0,0,0,0,0,0,0,0,0,0,0,0,0,0,0,0,0,0,0,0,0,0,0,0,0,0,0,0,0,0,0,0,0,0,0,0,0,0,0,0,0,0,0,0,0,0,0,0,0,0,0,0,0,0,0,0,0,0,0,0,0,0,0,0,0,0,0,0,0,0,0,0,0,0,0,0,0,0,0,0,0,0,0,0,0,0,0,0,0,0,421,892,0,0,0,0,0,0,0,0,0,0,0,0,0,0,0,0,0,0,0,0,0,0,0,0,0,0,0,0,0,0,0,0,0,0,0,0,0,0,0,0,0,0,0,0,0,0,0,0,0,0,0,0,0,0,0,0,0,0,0,0,0,0,0,0,0,0,0,0,0,0,0,0,0,0,0,0,0,0,0,0,0,0,0,0,0,0,0,0,0,0,0,0,0,0,0,0,0,0,0,0,0,0,0,0,0,0,0,0,0,0,0,0,0,0,0,0,0,0,0,0,0,0,0,0,0,0,0,0,0,0,0,0,0,0,0,0,0,0,0,Eukaryota;Chordata;Actinopteri;Perciformes;Stichaeidae;Anoplarchus;
0,0,0,0,0,0,0,0,0,0,0,0,0,0,0,0,0,0,0,0,0,0,0,0,0,0,0,0,0,0,0,0,0,0,0,0,0,0,0,0,0,0,0,0,0,0,0,0,0,0,0,0,0,0,0,0,0,0,0,0,0,0,0,0,0,0,0,0,0,0,0,0,0,0,0,0,0,0,0,0,0,0,0,0,0,0,0,0,0,0,0,0,0,0,0,0,0,0,0,0,0,0,0,0,0,0,0,0,0,0,0,0,0,0,0,0,0,0,0,0,0,0,0,0,0,0,0,0,0,0,0,0,0,0,0,0,0,0,0,0,0,0,0,0,0,0,0,0,0,0,0,0,0,0,0,0,0,0,0,0,0,0,0,0,0,0,0,0,0,0,0,0,0,0,0,0,0,0,0,0,0,0,0,0,0,0,0,0,0,0,0,0,7,0,0,0,0,0,0,0,0,0,0,0,0,0,0,0,0,0,0,0,0,0,0,0,0,0,0,0,0,0,0,0,0,0,0,0,32,0,676,0,0,0,0,0,0,0,0,0,0,0,0,0,0,0,0,0,0,0,0,0,0,0,0,0,0,0,0,0,0,0,0,0,0,0,39,0,0,0,0,0,0,0,Eukaryota;Chordata;Actinopteri;Ophidiiformes;Ophidiidae;Chilara;Chilara taylori
0,0,0,0,0,0,0,0,0,0,0,0,0,0,0,0,0,0,0,85,0,49,0,0,0,0,0,0,0,66,0,85,0,0,0,265,0,105,0,0,0,0,0,0,0,0,0,0,0,0,652,279,0,96,53,762,0,0,0,0,0,0,0,0,0,0,0,153,31,0,50,8,295,0,0,0,0,0,0,0,0,0,0,80,239,96,88,0,103,65,263,158,0,0,0,0,0,413,20,0,0,0,0,0,0,0,0,301,0,0,0,0,0,0,0,0,0,0,211,0,0,72,0,126,90,0,6,1208,0,0,292,0,1259,0,0,560,0,0,0,0,0,0,0,0,0,0,0,0,4136,0,0,0,0,865,0,0,0,0,0,0,0,2494,634,0,0,0,0,0,0,0,0,0,0,0,0,0,0,2180,0,5085,0,0,3079,608,13837,530,0,0,0,0,0,0,0,0,0,0,963,2326,7114,541,1217,0,1605,0,0,0,0,23585,0,0,385,0,0,0,0,0,1725,1541,946,256,206,1027,0,607,631,0,0,0,0,0,0,0,0,0,0,0,2536,0,0,0,0,3489,1581,1238,0,0,0,1266,0,0,0,0,0,0,0,0,0,0,0,0,4551,0,0,0,0,0,0,64,0,0,0,159,0,0,Eukaryota;Chordata;Actinopteri;;Embiotocidae;Micrometrus;Micrometrus minimus
0,0,0,0,0,732,0,268,0,0,0,0,0,0,0,0,0,0,0,0,0,44,0,24,0,967,0,6448,584,787,0,0,0,0,0,406,0,369,0,1854,584,419,0,1966,0,0,312,55,0,0,0,0,0,0,0,0,0,0,0,0,0,0,0,0,0,667,25,695,325,5223,169,0,0,0,657,0,0,0,0,0,0,0,0,0,0,0,0,0,0,0,0,0,0,0,0,0,58,60,0,0,0,0,1089,0,0,0,0,0,0,0,0,0,0,0,0,0,1472,0,0,0,0,0,0,0,452,0,575,0,0,0,270,177,271,0,0,848,0,0,0,0,0,0,0,0,0,0,2250,0,0,0,0,0,0,0,18781,11046,2467,0,931,0,912,0,0,0,0,0,0,69,418,510,1589,1853,2226,0,2581,0,856,0,0,4317,0,0,0,0,0,0,0,0,0,0,0,0,0,0,0,1534,0,2316,1920,346,0,7675,2873,2824,0,0,2865,9821,0,0,182,37,0,0,0,0,0,0,0,0,0,0,0,0,0,0,0,0,0,0,0,0,0,0,0,15,0,0,0,0,0,0,0,0,0,0,0,0,0,0,0,0,0,0,0,0,0,5165,3770,615,2459,0,1036,3484,1764,0,0,0,0,0,0,683,1316,992,Eukaryota;Chordata;Actinopteri;Labriformes;Labridae;Halichoeres;Halichoeres californica
0,105,0,0,152,98,202,73,70,0,0,0,0,53,576,246,65,0,0,0,0,0,0,0,0,0,0,3567,0,0,150,0,0,0,0,0,0,0,0,0,178,60,0,163,7,177,151,39,0,0,0,0,1308,0,0,0,0,0,71,42,130,929,0,162,0,0,101,202,40,0,0,0,0,0,1879,340,991,285,255,985,538,224,717,205,233,0,108,0,67,203,98,227,0,0,0,0,0,0,0,0,0,0,0,0,0,0,0,0,0,36,0,0,0,67,0,0,207,0,51,0,150,25,75,0,32,0,101,288,0,2774,337,357,0,192,0,2114,0,0,0,2817,1307,497,16,1031,1196,0,0,0,0,0,0,0,0,0,6845,3739,1007,0,3451,0,0,0,0,0,0,590,0,0,0,0,8710,760,1704,0,1232,0,432,0,0,0,0,0,0,0,1297,1294,0,481,0,666,859,0,0,0,0,9373,3171,0,3705,742,1810,7143,3188,7193,0,7381,1928,0,4122,7938,2876,3826,2829,7484,1505,4021,3753,725,6980,813,2395,1768,3933,315,1374,2341,0,1114,0,0,0,0,0,0,0,0,0,0,0,0,0,58,31,0,0,776,0,2459,0,0,0,0,0,0,0,0,0,0,14,2968,0,553,875,0,0,6007,449,0,2080,1648,3836,1315,458,0,Eukaryota;Chordata;Actinopteri;Blenniiformes;Clinidae;Heterostichus;Heterostichus rostratus
0,0,0,0,0,0,0,0,0,0,0,0,0,0,0,153,42,0,0,0,0,0,0,0,0,0,0,57,0,29,517,0,0,0,0,0,0,0,0,0,0,6,0,0,0,0,0,0,166,0,0,0,0,0,0,0,45,60,193,0,0,0,0,0,0,0,0,0,0,0,0,0,0,0,0,0,199,0,0,0,221,0,0,43,0,0,71,48,42,16,0,186,0,0,0,0,0,0,0,0,0,0,0,0,0,0,0,0,0,10,0,0,0,0,0,0,0,0,0,0,0,0,0,86,0,0,0,0,0,0,0,0,0,0,0,0,0,0,0,0,0,0,0,0,0,0,0,0,0,0,0,0,0,0,0,0,0,0,0,0,0,0,0,0,0,0,0,0,0,214,11132,1613,853,0,0,0,0,0,0,0,0,0,0,0,0,0,530,0,0,0,0,0,0,0,0,0,0,0,0,0,0,0,0,0,0,0,0,0,0,0,234,0,671,1954,0,0,0,1784,675,0,1667,0,1210,277,252,365,0,0,0,0,0,0,0,0,0,0,0,0,0,0,1903,0,0,0,0,0,0,0,0,0,0,0,0,0,0,0,1893,0,0,0,0,0,0,0,0,0,0,0,0,0,0,0,0,0,Eukaryota;Chordata;Actinopteri;Blenniiformes;Blenniidae;Hypsoblennius;Hypsoblennius jenkinsi
0,0,0,0,0,0,0,0,0,0,0,0,0,64,1119,822,0,0,0,0,0,0,0,0,0,0,0,0,0,0,0,0,0,0,0,0,0,0,0,0,0,0,0,0,0,0,0,0,0,0,0,0,0,0,0,207,427,209,0,265,1558,12857,200,389,1623,0,0,0,0,0,0,0,0,0,0,0,910,654,174,0,151,169,2079,6,114,725,129,38,0,317,80,626,0,309,0,0,0,0,0,0,0,0,0,0,0,0,0,0,0,0,0,0,0,174,0,0,0,0,0,0,0,0,0,0,0,0,0,0,0,0,0,0,0,0,0,0,0,0,0,0,0,0,0,0,0,0,0,0,0,0,0,0,0,0,0,0,0,0,0,0,0,0,0,0,0,0,0,0,0,0,0,0,0,0,0,0,0,0,0,0,0,0,0,0,0,0,0,0,0,4,17,20,11,3,0,0,0,0,0,0,0,0,0,0,0,0,0,0,0,0,0,0,0,0,4,0,0,0,8,0,0,0,0,0,0,0,0,0,0,0,0,0,0,0,0,0,0,0,0,0,0,0,0,0,0,0,0,0,0,0,0,0,20,0,0,0,3,0,0,0,0,0,0,0,0,0,0,0,0,0,0,0,0,0,Eukaryota;Chordata;Chondrichthyes;Pristiformes/Rhiniformes group;Rhinobatidae;Pseudobatos;Pseudobatos productus
0,0,0,0,73,0,99,0,222,131,0,0,0,16,0,743,67,0,0,0,8943,0,0,0,0,0,0,0,74,0,905,0,0,0,0,0,0,0,0,0,0,46,70,48,7,81,0,0,0,0,0,0,0,0,0,0,0,0,0,0,0,126,74,0,0,127,0,72,0,601,25,0,0,0,0,28,0,196,0,0,0,0,421,52,161,0,0,0,0,20,0,84,0,0,0,0,0,0,0,0,0,0,0,0,0,0,0,0,0,0,0,0,0,0,0,0,79,0,0,7,0,2,0,0,0,0,0,0,0,0,597,0,0,639,0,0,0,0,0,0,1678,1313,2678,751,2584,0,0,0,0,0,0,0,0,0,0,0,0,0,0,0,0,0,0,0,0,0,0,0,0,2822,0,0,0,0,4423,160,1860,0,0,0,0,0,0,0,0,0,0,0,0,0,289,0,0,0,0,7,0,0,0,0,0,0,1513,0,0,0,0,0,110,60,495,264,1069,2835,341,649,0,0,2474,0,0,458,0,388,0,0,0,0,0,0,0,0,0,0,0,0,0,0,0,0,0,0,0,0,0,0,0,0,0,0,0,0,0,0,0,0,0,0,2922,0,0,0,0,0,0,1679,0,0,0,0,0,0,0,0,Eukaryota;Chordata;Actinopteri;Labriformes;Labridae;Bodianus;Bodianus pulcher
0,0,0,0,0,0,0,0,0,0,0,0,60,55,0,170,99,0,0,120,0,0,0,0,0,0,0,0,0,0,0,0,0,0,0,0,0,0,0,0,34,39,192,0,11,57,68,24,0,0,0,0,0,0,0,0,208,195,524,119,462,0,0,643,664,0,120,0,29,211,88,0,198,0,0,12,305,140,90,585,0,69,203,78,143,0,58,178,0,0,34,72,0,16,0,0,0,0,0,0,0,0,0,0,0,0,0,0,0,0,0,0,0,0,0,0,0,0,0,0,0,0,0,0,0,0,10,0,0,0,0,0,0,0,0,0,0,0,0,85,0,553,0,0,0,0,0,0,0,0,0,0,0,0,0,0,0,0,0,0,0,0,0,0,0,0,0,0,491,2048,0,0,0,1302,6818,625,1258,0,0,0,0,0,0,0,0,0,2658,371,2335,475,650,3865,1914,928,1765,2450,1174,1928,0,0,0,4582,1913,10257,1397,0,0,0,436,632,1436,1566,458,1249,2356,0,3168,1343,1319,526,550,295,2524,490,587,579,0,0,0,0,0,0,0,0,0,0,0,0,0,0,0,0,0,0,0,0,0,0,0,0,0,0,0,0,0,0,0,0,0,0,2060,0,0,0,0,0,0,0,1116,0,0,0,0,766,Eukaryota;Chordata;Actinopteri;Perciformes;Serranidae;Paralabrax;Paralabrax clathratus
0,0,0,17,0,0,0,27,0,0,0,19,0,0,0,0,0,0,0,0,0,0,0,0,0,0,0,0,0,0,0,0,0,0,0,0,0,0,176,0,0,0,0,0,0,0,0,0,0,0,0,0,0,0,771,537,0,0,0,0,0,0,0,0,0,0,0,0,0,0,0,0,201,38,0,0,0,0,0,0,0,0,0,106,0,238,64,0,76,0,48,45,0,0,0,0,170,0,0,0,0,0,0,0,0,0,0,0,54,0,0,0,0,0,0,0,0,0,405,0,45,40,0,180,31,0,54,0,0,425,0,0,54,0,850,0,0,0,0,0,0,0,0,0,0,0,0,0,0,0,0,0,0,0,0,0,0,0,0,0,0,0,0,0,0,310,433,128,0,0,0,1337,0,0,0,0,0,55,2843,0,0,0,0,1421,729,0,0,0,0,0,0,0,0,0,0,0,0,0,0,43,0,0,1265,0,0,0,0,0,151,0,0,0,0,0,0,0,0,1019,3665,948,391,668,3012,963,694,1097,0,0,0,0,0,0,0,0,0,0,2964,0,0,0,0,0,0,0,0,0,0,0,22,0,0,0,0,0,0,0,0,0,0,0,0,0,0,0,0,0,170,0,0,0,3083,1102,1488,332,Eukaryota;Chordata;Actinopteri;Blenniiformes;Blenniidae;Hypsoblennius;Hypsoblennius gilberti
0,0,0,0,0,0,0,0,0,69,0,0,0,0,0,0,0,267,0,0,0,0,0,0,0,0,0,0,0,0,0,0,0,0,0,0,0,0,0,0,0,0,0,0,0,0,0,41,0,0,0,0,0,0,0,0,111,0,0,41,173,0,0,29,45,0,0,0,0,0,0,0,0,0,3563,1525,2487,1424,984,5042,407,248,1501,136,31,29,0,26,0,25,0,56,0,0,0,0,0,0,0,0,0,0,0,0,0,0,0,0,0,0,0,0,0,0,30,0,0,0,0,0,0,0,0,0,0,0,0,0,0,0,0,0,0,0,0,0,0,0,0,0,838,0,0,0,0,0,0,0,0,0,0,0,0,0,0,0,0,0,0,0,0,0,0,0,0,0,0,0,0,0,0,0,0,0,2106,0,0,0,0,0,0,0,0,0,0,0,0,0,0,0,0,3410,753,0,0,0,0,0,0,0,0,0,0,0,0,0,0,0,10436,15261,10236,4136,7519,20932,2545,2562,7562,0,1448,244,0,321,0,0,0,0,0,0,0,0,0,0,0,0,0,0,0,0,0,0,0,0,0,0,0,0,460,0,0,0,0,0,0,0,0,0,0,0,0,0,0,0,0,0,0,0,0,0,0,0,0,0,0,0,Eukaryota;Chordata;Actinopteri;Lutjaniformes;Haemulidae;Anisotremus;Anisotremus davidsonii
0,0,0,0,0,740,0,8,0,0,0,0,0,0,0,0,14,0,572,184,1550,0,36,54,160,2124,0,0,100,0,0,0,42,0,661,1316,9147,806,827,761,1710,139,5613,5796,410,8074,927,525,0,0,0,127,377,273,2237,258,1533,1007,4711,699,5022,29150,6846,5127,5287,1701,2652,880,279,1434,165,0,0,0,0,0,0,0,0,98,0,0,16,1526,872,2333,839,963,942,1466,1356,1760,0,272,99,91,169,19,41,211,33,599,335,0,0,298,193,0,0,270,0,0,0,0,0,0,0,0,0,0,80,26,0,0,208,0,153,714,0,0,0,520,0,554,0,0,0,1104,0,0,0,0,0,1535,0,3253,3379,4499,9275,13118,7922,1542,2298,10472,0,0,0,0,0,0,5,626,2659,12995,5303,2862,4264,1987,9792,6692,16664,38539,41782,33409,28779,11573,22813,860,0,0,3009,21314,1746,3337,4566,2120,12249,23546,7501,9986,21821,60606,23373,16522,16292,23391,8002,11393,31317,6677,17760,43954,9348,21397,740,741,0,0,180,0,0,0,0,0,0,0,1947,11624,28347,6659,7871,8480,8294,10234,7046,27576,2419,490,8026,51623,34816,9197,3,0,3363,1765,2359,0,5463,69,1765,0,0,990,4051,3125,921,2500,6034,0,0,0,0,0,0,0,0,0,0,0,0,0,0,0,0,0,0,0,656,104,932,0,0,975,Eukaryota;Chordata;Actinopteri;Clupeiformes;Engraulidae;Engraulis;Engraulis mordax
8,130,42,315,86,72,488,21,166,88,0,0,0,0,0,0,0,0,0,0,0,0,0,0,0,0,0,0,0,0,0,30,0,448,43,30,289,0,46,171,0,35,0,0,0,0,0,0,0,0,0,0,0,78,0,412,0,0,0,0,0,0,0,0,0,75,71,0,0,0,0,0,0,0,0,0,0,0,0,0,0,0,0,71,104,94,43,13,51,105,75,118,0,0,0,0,0,0,42,0,0,0,217,51,0,0,0,109,8,25,0,0,0,0,0,0,698,0,51,0,136,64,48,454,301,77,45,552,3061,4695,1450,499,2486,991,7531,2041,0,0,0,0,0,0,0,289,0,0,0,0,0,0,0,0,0,0,0,0,435,0,1452,1991,908,344,0,0,0,0,0,693,0,435,3052,0,0,0,0,0,0,2370,418,2186,0,0,0,1176,0,462,0,0,0,0,0,0,0,0,0,4078,0,838,0,0,0,0,0,0,474,0,3044,26030,0,0,383,0,0,0,0,0,0,0,2248,308,1678,1026,740,239,410,3660,7441,290,19274,0,2879,0,0,0,0,0,0,6608,0,0,0,0,853,1134,0,0,0,0,1401,0,0,0,0,0,0,0,0,0,0,0,2346,0,0,0,0,3865,1302,2859,2067,0,0,3491,3028,489,Eukaryota;Chordata;Actinopteri;Perciformes;Sebastidae;Sebastes;
0,0,0,0,0,0,0,0,0,0,0,0,0,0,0,0,0,0,0,0,0,0,0,0,0,0,0,0,0,0,0,0,0,0,0,0,0,0,0,0,0,0,0,0,0,0,0,0,0,0,0,0,0,0,0,0,342,0,0,215,861,10952,1106,0,552,0,0,0,0,0,0,0,0,0,1120,88,2139,762,597,2123,0,0,0,735,0,180,413,1165,0,0,0,0,0,0,0,0,0,0,0,288,0,0,0,0,176,0,0,0,0,0,0,0,0,0,0,0,0,0,0,0,0,0,0,0,0,0,0,0,0,0,0,0,0,0,0,0,0,0,0,0,168,0,0,0,0,0,0,0,0,0,0,0,0,0,0,0,0,0,0,0,0,0,0,0,0,0,0,0,0,0,0,0,0,283,0,0,0,0,0,0,0,0,0,0,0,0,0,0,0,177,35,0,303,0,103,0,0,0,0,0,0,0,0,0,0,0,0,0,203,215,39,84,341,1006,0,0,0,157,929,17,305,270,339,123,50,378,0,0,0,0,0,0,0,118,433,0,0,0,0,0,0,0,0,0,0,309,150,0,0,0,0,0,0,0,0,0,0,0,0,0,0,0,0,0,0,0,0,0,0,0,0,0,0,0,Eukaryota;Chordata;Actinopteri;Mugiliformes;Mugilidae;Mugil;Mugil cephalus
0,0,0,0,0,0,0,0,0,0,0,0,0,0,0,332,0,0,0,0,0,0,0,0,0,323,0,0,0,0,0,147,13,537,234,0,63,89,27,0,0,0,0,0,0,268,0,29,0,0,0,0,0,0,0,0,0,0,0,0,0,0,0,217,0,0,0,0,0,0,0,0,0,0,18,23,384,0,36,0,0,0,290,0,0,0,0,0,0,0,0,0,0,0,0,0,0,0,0,0,0,0,0,0,0,0,0,0,0,12,0,0,0,0,0,0,0,0,0,0,0,0,0,0,0,0,0,0,0,0,0,0,0,0,0,0,0,0,0,0,501,0,2962,1960,3578,0,0,0,0,0,0,0,0,0,0,0,0,0,0,879,4607,1833,2057,3666,1285,595,0,0,0,793,0,916,2011,0,0,0,2650,0,0,0,0,0,0,856,0,0,0,0,0,0,0,0,800,0,0,0,0,0,0,0,0,0,0,0,0,0,0,0,117,0,54,127,0,0,0,0,0,0,0,0,0,0,0,177,0,0,0,82,0,0,0,0,0,0,0,0,0,0,0,0,0,3348,0,0,0,0,0,0,0,0,0,0,0,0,0,0,0,0,0,0,0,0,0,0,0,0,0,0,0,0,0,0,0,0,Eukaryota;Chordata;Actinopteri;Perciformes;Cottidae;Clinocottus;Clinocottus analis
0,0,0,0,0,0,0,0,0,28,23,0,77,59,1281,347,0,369,0,0,0,0,0,0,0,0,0,0,0,0,0,0,0,0,0,0,0,0,0,0,0,0,0,94,0,0,0,0,0,0,0,0,0,0,0,0,116,93,100,0,136,0,123,122,144,0,0,0,0,0,0,0,0,0,52,20,0,35,104,437,0,0,131,111,136,251,0,19,19,94,67,15,0,0,0,0,0,0,0,0,0,0,0,0,0,55,0,0,0,0,681,145,273,280,98,0,0,0,0,0,8,0,0,0,0,0,11,0,0,0,0,0,0,0,0,0,9303,0,0,1148,1987,448,692,739,1809,0,0,0,0,0,0,0,0,0,0,0,0,0,0,0,0,0,0,0,0,0,0,0,0,0,0,0,0,301,0,0,0,0,0,0,0,0,0,0,0,0,0,76,0,0,1082,1204,266,0,0,0,0,0,0,0,0,0,0,0,0,0,0,0,167,78,75,160,120,339,0,0,0,576,1548,658,49,435,240,397,174,1225,0,0,0,0,0,0,0,0,268,246,476,0,0,0,267,214,0,0,386,0,362,526,0,11037,3174,1733,6482,1108,6303,2418,3510,0,0,0,0,0,0,0,0,0,0,0,0,0,0,0,0,0,Eukaryota;Chordata;Actinopteri;;Sciaenidae;Umbrina;Umbrina roncador
0,0,0,0,0,0,0,0,0,0,0,0,0,0,0,0,0,0,0,0,0,0,0,0,0,0,0,0,0,0,0,0,0,0,0,0,0,0,0,0,0,0,117,146,0,57,0,0,0,0,0,0,0,0,0,0,38,0,154,28,0,357,160,0,158,0,0,0,0,0,0,0,0,0,2002,1013,1587,709,293,1978,173,68,499,0,0,0,0,0,0,0,0,0,0,0,0,0,0,0,0,0,0,0,0,0,0,0,0,0,0,0,0,0,0,0,0,0,0,0,0,0,0,0,0,0,0,0,0,0,0,0,0,0,0,0,0,0,0,0,0,1126,0,0,0,0,847,0,0,0,0,0,0,0,0,0,0,0,0,0,0,0,0,0,0,0,0,0,0,0,0,0,0,0,0,0,0,0,625,0,0,0,0,0,0,0,0,0,509,701,147,0,0,0,716,157,0,0,0,0,0,0,0,0,0,0,0,0,0,0,5167,7038,4999,2309,2819,7242,1115,0,7114,0,0,0,0,0,0,0,0,0,0,0,0,0,0,0,0,0,0,0,0,0,0,0,0,0,0,0,0,0,0,0,0,0,0,0,0,0,0,0,0,0,0,0,0,0,0,0,0,0,0,0,0,0,0,0,0,0,Eukaryota;Chordata;Actinopteri;Lutjaniformes;Haemulidae;Brachygenys;Brachygenys californiensis
0,74,0,115,33,412,0,0,226,0,0,0,0,0,0,0,0,0,0,0,0,0,0,0,0,0,0,0,0,0,0,67,146,539,326,86,4875,189,512,441,0,0,0,0,0,0,0,0,0,57,0,892,0,281,131,276,0,0,0,0,0,0,0,0,0,0,0,0,0,0,22,0,0,0,0,0,0,0,0,0,0,0,0,0,68,0,0,0,0,0,0,0,324,0,0,0,0,0,0,0,0,0,0,0,0,0,0,0,141,0,0,0,0,0,0,6,0,0,0,217,46,0,131,82,0,10,10,0,0,0,226,127,0,576,0,2223,0,0,0,0,0,0,0,0,0,0,0,0,0,0,0,0,0,0,8749,0,0,0,0,248,9421,1851,273,5152,3363,3435,1276,971,0,0,0,0,0,0,0,0,0,0,0,2238,2033,0,0,0,1098,850,0,0,0,0,0,0,0,0,0,0,0,0,2942,0,0,0,0,0,0,0,0,0,0,0,0,0,0,0,0,0,0,0,0,121,158,299,0,0,0,0,0,0,0,0,0,0,0,0,0,0,45,1790,0,0,0,1090,0,0,0,1188,0,0,0,0,0,0,0,0,0,0,0,0,0,0,2328,955,2372,4888,997,0,0,967,0,511,0,0,0,0,Eukaryota;Chordata;Actinopteri;Perciformes;Cottidae;Scorpaenichthys;Scorpaenichthys marmoratus
0,0,90,48,0,890,0,0,209,0,0,0,0,0,0,0,0,0,0,0,0,0,0,0,0,0,0,0,0,0,0,0,0,0,0,0,0,0,0,32,0,0,0,0,0,416,0,0,0,0,898,0,0,0,0,0,469,324,331,121,1123,7205,1196,1561,1479,0,0,0,0,0,0,0,0,0,0,0,0,0,0,0,0,0,0,0,83,0,0,0,0,83,0,0,37,0,0,0,0,0,0,0,0,0,0,0,0,0,0,0,0,0,0,0,0,0,0,0,0,0,0,0,17,0,0,0,0,0,0,0,0,0,0,267,397,0,0,0,4228,2109,0,0,0,0,0,0,0,0,0,0,0,0,0,0,0,0,0,0,0,0,0,0,0,0,0,0,0,0,0,0,0,0,0,0,0,0,2077,0,1100,593,0,0,0,0,0,0,0,0,2236,7230,4131,2220,4725,11257,6132,1701,1785,0,0,0,0,0,0,0,0,0,0,0,0,0,0,0,0,0,0,0,0,0,0,76,2163,0,0,0,0,0,0,0,0,0,0,0,0,12896,0,0,0,1457,0,0,0,0,1651,0,0,0,0,0,0,0,0,0,0,0,0,0,0,0,0,0,0,0,0,0,0,0,0,0,0,0,0,0,0,0,0,0,Eukaryota;Chordata;Actinopteri;Scombriformes;Scombridae;Scomber;Scomber japonicus
0,0,0,0,0,0,0,0,0,0,0,0,0,0,0,0,0,0,0,0,0,0,0,0,0,0,0,355,36,0,0,0,40,232,493,223,4756,499,370,2978,0,0,0,0,0,0,0,0,217,0,1899,0,0,0,0,0,0,0,0,0,0,0,0,0,0,295,274,0,0,0,0,0,0,0,0,0,0,0,0,0,0,0,0,0,0,0,20,45,108,88,0,545,127,0,0,0,0,0,32,0,0,0,428,95,0,0,0,0,86,0,0,0,0,0,0,0,0,0,102,0,163,0,0,0,69,44,14,0,0,0,0,0,0,0,0,0,8,0,0,0,0,0,0,0,0,0,0,0,0,0,0,0,0,0,0,0,0,213,0,35,0,0,7,40,10,8,48,22,0,0,0,0,0,0,0,0,0,0,0,0,0,0,0,0,0,15,0,0,0,0,0,0,0,0,0,0,26,8,0,0,19,0,0,52,0,0,0,0,0,0,0,0,0,0,0,0,0,0,0,14,0,0,0,0,4,0,0,0,0,0,0,0,0,0,0,0,0,8,0,0,0,0,0,0,0,0,0,113,0,0,0,0,0,0,0,0,0,0,0,0,58,0,0,244,0,0,0,0,28,0,5,0,2,9,Eukaryota;Chordata;Mammalia;Carnivora;Phocidae;Phoca;
0,0,0,0,0,0,0,0,134,0,0,0,0,0,0,0,0,0,0,0,0,0,0,0,0,0,0,0,0,102,0,0,0,0,0,0,0,0,0,0,0,0,165,0,0,0,0,0,0,0,0,0,0,0,0,0,0,0,0,0,0,0,0,0,0,0,0,82,0,0,15,0,0,100,492,524,911,299,421,1462,40,198,938,48,0,0,0,54,51,105,0,0,268,0,0,0,0,0,0,0,0,0,0,0,0,0,0,0,0,0,0,0,0,0,0,0,0,0,0,0,0,0,0,0,0,0,0,0,0,0,0,0,0,0,0,0,0,0,0,0,0,0,0,0,0,0,0,0,0,0,0,0,0,0,8109,0,0,0,0,886,0,691,0,0,0,0,0,0,374,170,0,0,0,0,4134,0,0,0,0,0,0,0,0,0,0,0,0,0,1031,0,0,0,0,0,0,0,806,887,0,0,0,0,0,0,0,0,0,0,2164,2897,3143,2214,2209,6268,3316,1648,2476,1066,1030,0,379,379,0,173,312,0,0,0,7837,15970,14445,0,0,0,0,0,0,0,0,0,0,0,0,0,0,0,0,0,1439,0,0,0,0,0,0,0,0,0,0,0,0,0,0,0,0,0,0,0,0,0,0,0,0,0,Eukaryota;Chordata;Actinopteri;Gobiiformes;Gobiidae;Typhlogobius;Typhlogobius californiensis
61,43,116,172,168,1887,185,133,669,0,0,0,0,0,0,0,0,0,0,0,0,0,0,0,0,0,0,0,0,0,0,0,0,0,509,646,2642,393,542,761,0,0,0,0,0,0,0,0,0,0,0,0,0,28,0,0,0,105,0,0,0,0,41,0,0,0,0,0,0,0,0,0,0,0,0,0,0,0,0,0,0,0,0,0,0,0,0,0,0,0,0,0,0,0,0,0,0,0,0,0,0,0,0,0,0,0,0,0,0,0,0,0,0,0,0,0,0,0,899,690,367,91,104,707,0,88,86,0,1491,0,857,867,1796,2087,1850,3198,0,0,0,0,0,0,0,0,0,0,0,0,0,0,0,0,0,0,0,0,0,0,0,0,705,16,2335,29361,6222,671,3664,1595,0,0,0,0,0,0,0,0,0,0,0,0,0,0,0,0,0,0,466,2007,919,0,0,0,0,0,0,0,0,0,0,0,0,0,0,0,0,0,0,0,0,0,0,0,0,0,0,0,0,0,0,0,0,0,0,0,0,0,0,0,0,0,0,0,0,0,0,0,0,0,0,0,0,0,0,0,0,0,0,0,0,0,0,0,0,0,0,0,0,0,0,0,0,0,0,0,0,15309,3412,7307,3536,5356,4681,4278,3091,2101,Eukaryota;Chordata;Actinopteri;;Embiotocidae;Cymatogaster;Cymatogaster aggregata
2466,2373,2349,4866,4753,24304,4268,1468,11017,819,437,552,2640,522,3998,3908,415,4058,2379,1288,5448,146,1989,206,1023,2074,0,0,60,0,955,629,192,3653,6777,2646,39375,2179,3033,5679,1769,467,7189,4961,264,6359,971,764,652,111,4436,2415,0,379,2075,933,449,512,3061,465,2019,16104,4269,4679,4942,191,102,0,10,223,34,36,455,174,2934,2235,3679,3874,1465,13473,813,132,2961,1198,696,1130,414,328,461,690,184,959,947,1239,567,637,0,18,0,1476,761,4318,433,1537,260,1998,1585,385,0,44,1020,126,481,164,124,440,4733,0,2285,523,525,332,130,1180,1244,250,605,29829,65751,35671,32712,40725,48202,22918,56840,60516,64156,26364,11396,17998,18793,8648,29655,9879,25602,56187,35555,22257,55157,28209,19253,78601,21208,27750,0,0,0,0,0,9316,18916,13324,11957,68844,39189,15588,21233,10992,17654,6565,33731,47264,70945,45485,65578,13349,22079,2321,956,20815,2537,3497,1838,8259,15177,1931,8904,15421,5973,10387,10142,35692,15930,18443,14909,1389,2320,3043,0,1416,1746,0,0,4440,7907,16183,0,0,12881,18325,14975,17540,15072,43842,4138,8514,17008,7929,29572,5156,6651,6664,11329,4055,6024,11425,20273,8892,36829,29978,48447,13315,19574,9738,11236,13269,0,0,19306,10656,15325,2682,2387,0,14046,6783,5252,0,0,16987,4796,8245,20216,2903,11370,9709,3419,832,4424,5663,10381,8223,23979,19672,10294,30009,4294,10922,8462,8215,9993,10837,25671,13413,Eukaryota;Chordata;Actinopteri;Atheriniformes;Atherinopsidae;Atherinops;Atherinops affinis
0,0,0,0,0,0,0,0,0,0,0,0,0,35,113,0,13,0,0,0,0,0,0,0,0,0,0,0,0,0,0,0,0,0,0,0,0,0,0,0,0,0,0,0,0,500,0,0,0,0,0,0,0,0,0,0,131,110,0,0,0,0,0,0,0,0,0,0,0,0,0,0,0,0,0,0,255,198,145,1218,141,0,0,0,0,0,0,0,0,0,0,0,0,0,0,0,0,0,0,0,0,0,0,0,0,0,0,0,0,0,0,0,0,0,0,0,0,0,0,0,0,0,0,0,0,0,0,0,0,0,0,0,0,0,0,0,0,0,0,2524,1334,391,0,0,2151,0,0,0,0,0,0,0,0,0,0,0,0,0,0,0,0,0,0,0,0,0,0,0,0,0,0,0,0,0,0,0,518,0,0,0,0,0,0,0,0,0,0,0,302,0,0,0,11,1241,0,0,0,0,0,0,0,0,0,0,0,0,0,0,0,0,202,956,1380,4075,0,460,926,649,1140,976,0,0,0,0,174,1298,0,0,0,0,0,0,0,0,0,0,0,0,0,0,0,0,0,0,0,0,0,0,0,0,0,0,0,0,0,0,0,0,0,0,0,0,0,0,0,0,0,0,0,0,0,0,0,0,Eukaryota;Chordata;Actinopteri;Blenniiformes;Labrisomidae;Paraclinus;Paraclinus integripinnis
0,0,0,0,0,0,0,0,0,0,0,0,0,0,0,0,0,0,0,0,0,0,0,0,0,0,0,0,0,0,0,0,0,0,0,0,0,0,0,0,551,0,0,0,44,0,0,0,0,36,0,0,0,225,0,0,0,0,0,0,0,0,0,0,0,0,0,0,0,0,0,0,0,0,0,0,0,0,0,0,0,0,0,0,0,0,0,0,0,0,0,0,0,0,0,0,0,0,0,0,0,0,0,0,0,0,0,0,0,0,0,0,0,0,0,0,0,0,0,0,0,0,0,0,0,0,0,0,0,0,0,0,0,0,0,0,0,0,0,0,0,0,0,0,0,0,0,0,0,0,0,0,0,0,0,0,0,0,0,0,0,0,0,0,0,0,0,0,0,0,0,0,0,0,0,0,0,0,0,0,0,0,0,0,0,0,0,0,0,0,0,0,0,0,0,0,0,0,0,0,0,0,0,0,0,0,0,0,0,0,0,0,0,0,0,0,0,0,0,0,0,0,0,0,0,0,0,0,0,0,0,0,0,0,0,0,0,0,0,0,0,0,0,0,0,0,0,0,0,0,0,0,0,0,0,0,0,0,0,0,0,0,0,0,0,0,0,0,0,0,0,0,0,0,Eukaryota;Chordata;Actinopteri;;Moronidae;Morone;Morone saxatilis
0,0,0,0,0,0,0,0,0,0,0,0,467,0,0,0,0,0,0,0,0,0,0,0,0,0,0,0,0,0,0,0,0,0,0,0,0,0,0,0,0,0,0,0,0,0,0,0,0,0,0,0,0,0,0,0,0,0,0,0,793,8562,0,0,0,0,0,0,0,0,0,0,0,0,0,0,0,0,0,0,0,0,0,0,0,0,0,19,0,0,0,0,0,0,0,0,0,0,0,0,0,0,0,0,0,0,0,0,0,0,0,0,0,0,0,0,0,0,0,0,0,0,0,0,0,0,0,0,0,0,0,0,0,0,0,0,0,0,0,33,7,0,0,0,0,0,0,0,0,0,0,0,0,0,0,0,0,0,0,0,0,0,0,0,0,0,0,0,0,0,0,0,0,0,0,0,0,0,0,0,0,0,0,0,0,0,0,0,0,0,0,0,0,0,0,0,0,0,0,0,0,0,0,0,0,0,0,0,0,0,0,0,0,0,0,0,0,0,0,0,0,0,0,0,0,0,0,0,0,0,0,0,0,0,0,0,0,0,0,0,0,0,0,0,0,0,0,0,0,0,0,0,0,0,0,0,0,0,0,0,0,0,0,0,0,0,0,0,0,0,0,0,0,0,Eukaryota;Chordata;Chondrichthyes;Myliobatiformes;Gymnuridae;Gymnura;Gymnura marmorata
277,0,0,0,0,0,0,0,0,0,0,0,0,0,0,0,0,0,0,0,0,0,0,0,0,0,0,0,0,0,0,0,0,0,0,0,0,0,0,0,0,0,0,0,0,0,0,0,300,0,4251,514,0,1343,2184,2037,0,0,0,0,0,0,0,0,0,0,0,0,0,0,0,0,0,0,0,0,0,0,0,0,0,0,0,0,0,0,0,0,0,0,0,0,0,0,0,0,0,0,0,0,0,0,0,510,0,0,0,0,82,0,0,0,0,0,0,0,0,0,0,0,0,0,0,0,0,0,0,0,0,0,0,0,0,0,0,0,0,0,0,0,0,8,0,0,0,0,0,0,0,0,0,0,0,0,0,0,0,0,0,0,0,8,0,0,0,0,0,0,0,0,0,0,0,0,0,0,0,7,0,47,0,0,0,0,0,0,0,0,0,0,0,0,0,0,0,0,0,0,0,0,0,0,0,0,0,0,0,0,0,0,0,0,0,0,0,0,0,0,0,0,0,0,0,0,0,7,0,0,0,0,0,0,0,0,0,0,0,0,0,0,0,0,0,0,0,0,0,0,0,0,0,0,0,0,0,0,0,0,0,0,0,0,0,0,0,0,0,0,0,0,0,0,0,0,Eukaryota;Chordata;Chondrichthyes;Carcharhiniformes;Scyliorhinidae;Cephaloscyllium;Cephaloscyllium ventriosum
0,0,0,0,0,0,0,0,0,0,0,0,26,0,0,0,0,0,0,0,0,0,0,0,0,0,0,0,0,0,0,0,0,0,0,0,0,0,0,0,0,0,0,0,0,144,0,0,0,0,186,0,0,57,0,0,71,0,102,83,151,0,297,225,44,0,0,0,0,0,0,0,0,0,739,323,484,0,0,98,0,0,121,399,300,442,115,117,146,316,227,247,0,0,0,0,0,0,0,0,102,222,0,0,84,0,0,46,0,0,0,0,0,0,0,0,0,0,0,0,0,0,0,0,0,0,0,0,0,0,0,0,0,0,0,0,0,0,0,0,0,0,0,0,0,0,0,0,0,0,0,0,0,0,0,0,0,0,0,0,0,0,0,0,0,0,0,0,0,0,0,0,0,0,0,0,0,247,598,0,0,505,0,0,928,501,22,391,963,608,450,311,446,305,0,0,0,0,0,0,0,0,0,0,0,0,0,0,787,1845,1717,65,136,440,322,246,231,1359,3816,1245,1358,1598,1307,1053,1410,2607,0,0,0,0,0,0,0,154,182,47,0,0,118,1191,700,272,0,0,472,523,43,545,0,0,0,0,0,0,0,0,0,0,0,0,0,0,0,0,0,1318,0,78,109,0,0,0,0,0,Eukaryota;Chordata;Actinopteri;;Sciaenidae;Seriphus;Seriphus politus
0,0,0,129,258,0,0,0,0,0,0,0,0,0,0,0,0,0,0,0,0,0,0,0,0,0,0,0,0,0,0,0,0,0,0,0,0,0,0,0,0,0,0,176,13,1324,106,282,0,0,0,0,0,0,0,0,0,0,0,0,0,0,0,385,411,0,0,0,0,0,0,0,0,0,0,0,0,0,0,0,0,0,0,0,0,0,0,0,0,0,0,0,438,0,0,0,0,0,0,0,0,177,0,0,0,0,0,0,0,0,0,0,0,0,0,390,0,168,0,0,0,0,0,0,0,0,0,0,0,0,0,0,0,0,0,0,0,0,0,0,0,0,0,0,0,0,0,0,0,0,0,0,0,0,0,0,0,0,0,0,0,0,0,0,0,0,0,0,0,0,0,0,0,0,0,0,0,0,0,0,0,0,0,0,0,0,0,0,0,0,0,0,0,0,0,0,0,0,0,0,0,90,0,0,0,0,0,0,0,0,0,0,0,0,0,0,0,0,0,0,0,0,0,0,0,0,0,4,0,0,0,0,0,0,0,0,0,0,0,0,0,0,0,0,0,0,0,0,0,0,0,0,0,0,0,0,0,35,28,0,31,0,0,0,0,0,0,0,0,0,0,0,0,0,Eukaryota;Chordata;Aves;Charadriiformes;Laridae;Larus;Larus occidentalis
0,0,0,0,243,222,0,0,33,0,0,0,0,0,0,0,0,0,0,0,0,0,0,0,0,227,63,54,148,36,165,98,26,842,338,353,3322,349,570,95,304,0,148,0,0,247,0,0,0,0,1195,0,0,88,169,494,0,0,0,0,0,0,0,0,0,0,224,117,28,468,0,0,0,0,0,0,0,0,0,0,0,0,0,0,0,0,0,0,0,0,0,0,228,0,0,0,0,0,0,0,0,0,567,33,0,0,0,115,44,0,0,0,0,0,0,366,876,57,27,20,0,93,62,138,0,56,86,211,2049,1166,1003,145,450,0,1295,573,0,0,0,0,0,0,0,0,0,0,0,0,0,0,0,775,0,0,0,3195,479,11285,1009,1122,3430,4258,342,3132,2655,147,1070,654,0,0,0,0,0,453,0,0,0,0,1312,0,2220,1768,738,4575,2086,821,0,0,0,0,0,0,0,0,0,2200,0,1149,1378,0,0,4837,1606,3235,1486,0,0,8242,0,0,0,0,0,0,0,0,0,92,0,0,0,0,0,95,0,350,3503,0,0,2631,4742,0,0,0,0,0,2134,802,0,0,0,4078,1863,0,0,0,0,0,0,0,0,0,0,0,0,0,0,2713,0,2381,852,2664,12015,6866,4792,0,450,103,1095,0,1446,0,0,846,Eukaryota;Chordata;Actinopteri;Blenniiformes;Clinidae;Gibbonsia;Gibbonsia montereyensis
0,0,0,0,0,0,0,0,0,0,0,0,0,0,0,0,0,0,0,0,0,0,0,0,0,0,0,0,0,0,0,0,0,0,0,0,0,0,0,0,0,0,0,0,0,0,0,0,0,0,0,0,0,0,0,0,0,0,0,0,0,0,0,0,0,0,0,0,0,0,0,0,0,0,0,0,0,0,0,0,0,0,0,0,0,0,0,0,0,0,0,0,0,0,0,0,0,0,0,0,0,0,0,0,0,0,0,0,0,0,0,0,0,0,0,0,0,0,0,0,0,0,0,0,0,0,0,0,0,0,0,0,0,0,0,0,0,0,0,0,0,0,0,0,0,0,0,0,0,0,0,0,0,0,0,0,0,0,0,0,0,0,0,0,0,0,0,0,0,0,0,0,0,0,0,0,0,0,0,0,0,0,0,0,0,0,0,0,0,0,0,0,0,0,0,0,0,0,0,0,0,0,0,0,0,0,0,0,0,0,0,0,0,0,0,0,0,0,0,0,0,114,0,0,0,0,0,0,0,0,0,0,0,0,0,0,0,0,0,0,0,0,0,0,0,0,0,0,0,0,0,0,0,0,0,0,0,0,0,0,0,0,0,0,0,0,0,0,0,0,0,0,0,0,Eukaryota;Chordata;Actinopteri;Pleuronectiformes;Pleuronectidae;Pleuronichthys;Pleuronichthys verticalis
0,20,0,107,0,442,0,0,0,0,0,0,521,0,0,0,0,0,0,0,0,0,0,0,0,0,0,0,0,0,0,0,0,0,0,0,0,0,0,0,0,0,0,0,0,0,0,0,0,0,0,465,1431,0,0,432,0,86,0,0,0,0,0,0,165,0,0,0,0,0,47,0,0,0,0,0,0,0,0,0,0,0,0,134,0,0,140,0,446,72,36,18,0,251,0,0,0,67,0,0,0,664,0,0,95,439,268,360,0,0,0,0,0,0,0,0,530,0,293,0,0,0,0,0,0,0,0,0,12,0,0,0,0,0,0,0,0,0,0,0,0,0,0,0,0,0,0,0,0,12,0,0,0,0,0,0,0,0,0,0,0,0,0,0,0,0,0,0,0,0,0,0,7,0,0,0,0,0,0,0,0,0,0,0,0,0,0,0,0,0,0,0,0,0,0,0,0,0,0,0,0,0,0,0,0,0,0,0,0,0,0,0,0,0,0,0,0,4,3,0,0,0,0,0,0,0,0,0,0,0,0,0,0,0,0,0,0,0,0,0,0,0,0,0,0,0,0,0,3,10,0,0,0,0,0,0,0,0,0,0,0,0,0,0,0,0,0,0,3,0,0,0,0,0,Eukaryota;Chordata;Chondrichthyes;;Platyrhinidae;Platyrhinoidis;Platyrhinoidis triseriata
86,0,0,121,0,0,0,0,0,0,0,0,0,44,0,0,0,0,0,0,0,0,0,0,0,18,0,0,228,0,1076,108,17,179,525,140,2267,224,140,439,118,0,0,0,20,500,44,0,1353,142,4911,502,3676,108,849,1310,0,415,0,0,0,0,688,0,363,0,126,0,0,0,0,97,571,0,0,0,0,214,0,0,0,0,0,0,0,0,848,348,859,0,104,0,0,0,0,0,0,0,0,0,0,0,0,36,0,0,0,0,0,0,0,0,0,0,0,23,0,0,0,0,16,0,0,0,0,0,0,0,0,0,0,5,4,0,0,0,0,0,0,0,0,0,0,0,0,0,0,0,0,0,0,0,0,0,82,0,0,0,19,14,11,14,0,23,5,10,0,0,0,0,0,31,12,0,33,0,0,18,21,194,0,46,58,28,79,7,0,5,6,0,0,0,0,0,0,0,0,0,0,0,0,0,0,17,0,0,0,0,0,0,0,0,0,0,0,0,0,0,0,0,23,40,61,0,0,0,0,0,0,0,0,0,0,0,0,0,0,0,0,0,0,0,0,0,0,0,0,0,0,0,0,0,0,0,0,0,0,87,54,0,57,12,14,0,0,0,0,0,0,0,0,0,0,0,Eukaryota;Chordata;Mammalia;Carnivora;Otariidae;Zalophus;Zalophus californianus
0,0,0,0,297,0,0,0,0,0,0,0,0,0,0,0,0,0,0,0,0,0,0,0,0,0,0,0,0,0,0,0,0,3973,0,0,0,0,0,0,0,0,0,0,0,0,0,0,0,0,0,0,0,0,0,0,0,0,0,0,0,0,0,0,0,0,0,0,0,0,0,0,0,0,0,0,0,0,0,0,0,0,0,0,0,0,0,0,0,0,0,0,0,0,0,0,107,0,0,0,0,0,5213,0,0,0,0,0,0,0,0,0,0,0,0,0,0,0,0,0,0,0,0,35,0,0,0,0,0,0,0,76,0,0,0,0,0,0,0,0,0,0,0,0,0,0,0,0,0,0,0,0,0,0,0,0,0,0,0,0,0,0,56,0,0,0,0,0,0,0,0,0,0,0,0,0,0,0,0,0,0,0,0,0,0,0,0,0,0,0,0,0,0,0,0,0,0,0,0,0,0,0,0,0,0,0,0,0,0,0,0,0,0,0,0,0,0,0,0,0,9,0,0,0,0,61,0,0,0,0,0,0,0,0,0,0,0,0,0,0,0,0,264,221,0,0,0,0,383,0,0,0,0,0,0,0,0,0,0,0,0,0,0,0,0,0,0,0,0,0,0,0,0,0,Eukaryota;Chordata;Chondrichthyes;Hexanchiformes;Hexanchidae;Notorynchus;Notorynchus cepedianus
0,0,0,0,0,0,0,0,0,0,0,0,0,0,0,0,0,0,0,0,0,0,0,0,0,0,0,0,0,0,0,0,0,0,0,0,295,0,0,0,0,0,0,0,0,0,0,0,0,0,0,0,0,0,0,0,0,0,0,0,0,0,0,0,0,0,0,0,0,0,0,0,0,0,0,0,0,0,0,0,0,0,0,0,0,0,0,0,0,0,0,0,0,0,0,0,0,0,0,0,0,0,0,0,0,0,0,0,0,0,0,0,0,0,0,0,0,0,0,0,0,0,0,0,0,0,0,0,0,0,0,0,0,0,0,0,0,0,0,0,0,0,0,0,0,0,0,0,0,0,0,0,0,0,0,0,0,0,0,0,0,0,0,0,0,0,0,0,0,0,0,0,0,0,0,0,0,0,0,0,0,0,0,0,0,0,0,0,0,0,0,0,0,0,0,0,0,0,0,0,0,0,0,0,0,0,0,0,0,0,0,0,0,0,0,0,0,0,0,0,0,0,0,96,0,0,0,0,0,0,0,0,0,0,0,0,0,0,0,0,0,0,0,0,0,0,0,0,0,0,0,0,0,0,0,0,0,0,0,0,0,0,0,0,408,0,0,0,0,0,0,0,370,0,Eukaryota;Chordata;Actinopteri;Pleuronectiformes;Cynoglossidae;Symphurus;Symphurus atricaudus
0,0,317,348,391,405,0,0,0,0,0,0,0,0,0,0,0,0,0,0,0,0,0,0,0,0,0,0,0,0,0,0,0,0,0,0,0,0,0,0,0,0,0,0,0,0,0,0,0,0,0,0,0,0,0,0,0,0,0,0,0,0,0,0,0,0,0,0,0,1060,98,0,0,0,0,0,0,0,0,0,0,0,0,0,0,0,0,0,119,0,375,0,0,237,0,223,0,0,0,0,576,0,0,0,0,0,0,0,0,0,0,0,0,0,0,0,0,0,0,86,0,413,0,95,0,17,0,0,0,0,0,0,0,0,0,0,0,0,5,0,0,0,0,0,0,0,0,0,0,0,0,0,0,0,0,0,0,0,0,0,26,0,0,0,0,0,0,0,0,0,17,0,0,0,0,0,0,0,0,0,0,0,0,0,0,0,0,0,0,0,0,0,0,0,0,0,0,0,0,0,0,121,47,0,0,0,0,0,0,0,0,0,0,0,0,0,0,7,0,0,0,0,0,3,0,17,0,0,0,0,0,0,0,0,0,10,0,0,0,0,10,0,0,0,15,0,0,0,0,0,0,12,0,0,0,0,14,0,0,0,0,0,0,0,0,0,3,0,0,0,0,0,0,0,Eukaryota;Chordata;Chondrichthyes;;Squatinidae;Squatina;Squatina californica
0,0,0,0,0,0,0,0,0,0,0,0,0,0,0,0,0,0,0,0,0,0,0,0,0,0,0,0,0,0,0,0,0,0,491,0,0,0,0,0,138,0,0,0,0,0,0,0,0,0,0,0,0,0,0,0,0,0,0,0,0,0,0,0,0,0,0,0,0,0,0,0,0,0,0,0,0,181,0,0,0,32,0,0,0,0,0,0,131,0,0,0,0,0,0,0,0,0,0,0,0,0,0,0,0,0,0,0,0,0,0,0,0,0,0,0,0,0,0,0,0,0,0,0,0,0,0,0,0,0,0,0,0,0,0,0,0,0,0,0,0,0,0,0,0,0,0,0,0,0,0,0,0,0,0,0,0,0,0,0,0,0,0,0,0,0,0,0,0,0,0,0,0,0,0,0,0,0,0,0,0,0,0,0,0,0,0,0,0,0,0,0,0,0,0,0,0,0,0,0,0,0,0,0,0,0,0,0,0,0,0,0,0,0,0,0,3,0,0,0,0,7,0,0,0,7,0,0,0,0,0,0,0,0,0,0,0,0,0,0,0,0,0,0,0,0,0,0,0,0,0,0,0,0,0,0,0,0,0,0,0,0,0,0,0,0,0,0,0,0,0,0,0,0,Eukaryota;Chordata;Mammalia;Carnivora;Canidae;Canis;Canis lupus
0,0,0,0,0,0,0,0,0,0,0,0,0,0,0,0,0,0,0,0,0,0,0,0,0,0,0,0,0,0,216,0,45,0,0,197,3911,0,0,236,0,0,0,0,20,0,44,141,0,0,0,0,0,0,0,0,0,0,247,218,1182,2565,0,0,430,0,0,0,0,0,0,0,0,0,0,0,0,0,0,0,0,0,0,0,0,0,0,0,0,0,0,0,0,0,0,0,0,0,0,0,0,0,0,0,0,0,0,0,0,0,0,0,0,0,0,0,0,0,0,0,0,0,74,4,0,0,0,0,0,0,0,0,0,0,0,0,0,0,0,0,0,0,0,0,0,0,0,0,0,0,0,0,0,0,0,0,0,0,0,0,0,0,0,0,3,0,0,0,0,0,0,0,13,0,0,0,0,0,0,0,0,0,0,0,0,0,0,0,0,0,0,9,0,0,0,0,0,0,0,0,0,0,0,0,0,0,0,0,0,0,0,0,0,0,0,0,0,0,0,0,0,0,0,0,0,0,0,0,0,0,0,0,0,0,0,0,0,0,0,0,0,0,0,0,0,0,0,0,0,0,0,0,0,0,0,0,0,0,0,0,0,0,0,0,0,0,0,0,0,0,0,0,0,0,Eukaryota;Chordata;Aves;Pelecaniformes;Pelecanidae;Pelecanus;Pelecanus occidentalis
0,0,0,0,0,0,0,0,0,0,0,0,0,0,0,0,0,0,0,0,0,0,0,0,0,0,0,0,0,0,0,0,0,0,0,0,0,0,0,0,0,0,0,0,0,0,0,0,0,0,0,0,0,0,0,0,0,0,0,0,0,0,0,0,0,0,0,0,0,0,0,0,0,0,0,0,0,0,0,0,0,0,0,0,0,0,0,0,0,0,0,0,0,150,171,131,0,0,0,50,0,1650,0,0,55,193,60,0,0,0,0,0,0,0,0,0,0,0,0,0,0,0,0,0,0,0,0,0,0,0,0,0,0,0,0,0,0,0,0,0,0,0,0,0,0,0,0,0,0,0,0,0,0,0,0,0,0,0,0,0,0,0,0,0,0,0,0,0,0,0,0,0,0,0,0,0,0,0,0,0,0,0,0,0,0,0,0,0,0,0,0,0,0,0,0,0,0,0,0,0,0,0,0,0,0,0,0,0,0,0,0,0,0,0,0,0,0,0,1689,0,0,0,0,0,165,0,0,0,0,0,0,0,0,547,257,0,0,0,1605,0,0,0,0,0,1439,0,0,0,0,0,0,0,0,0,0,0,0,0,0,0,0,0,0,0,0,0,0,0,0,0,0,0,0,0,Eukaryota;Chordata;Actinopteri;;Sciaenidae;Genyonemus;Genyonemus lineatus
0,0,0,0,0,0,0,0,0,0,0,0,194,0,0,0,0,0,0,130,0,0,0,0,0,0,0,0,0,0,0,0,0,0,0,0,0,52,78,0,0,0,0,0,0,0,0,0,0,0,0,0,0,0,0,0,0,34,424,0,137,939,0,84,0,0,0,1166,203,0,25,0,0,0,0,38,0,0,0,0,0,60,0,0,109,98,99,71,44,0,226,58,0,92,0,0,0,0,0,0,0,0,0,0,0,184,0,0,0,0,0,0,0,0,0,0,0,0,96,219,24,0,0,0,0,0,0,0,0,0,0,0,0,0,0,0,0,0,0,0,0,0,0,0,0,0,0,0,0,3306,0,0,0,0,0,0,0,0,0,0,0,0,0,0,0,315,0,0,0,0,0,0,0,0,0,0,0,0,0,0,0,0,0,0,0,0,689,0,0,0,0,5694,0,1694,0,5431,512,1843,24708,4597,13462,0,0,2729,0,0,0,0,168,0,467,0,0,0,0,0,0,412,0,568,416,1744,380,476,379,612,0,0,0,0,0,0,0,0,0,0,0,0,0,0,1377,0,0,0,450,200,0,0,0,0,804,0,0,0,0,0,0,0,0,0,0,0,0,0,0,639,0,1265,0,952,0,0,0,234,Eukaryota;Chordata;Actinopteri;Pleuronectiformes;Paralichthyidae;Paralichthys;Paralichthys californicus
0,0,0,0,0,0,0,0,0,0,0,0,0,0,0,0,0,0,0,0,0,0,0,0,0,0,0,0,0,0,0,0,0,0,0,0,0,0,0,0,0,0,0,0,0,0,0,0,0,0,0,0,0,0,0,0,0,0,0,0,0,0,0,0,0,0,0,0,0,0,0,0,0,0,0,0,0,0,0,0,0,0,0,0,0,0,0,0,0,122,0,168,0,0,0,0,0,0,0,0,0,0,0,0,0,0,0,0,0,0,0,0,0,0,0,0,0,0,0,0,0,0,0,0,0,0,0,0,0,0,0,0,0,0,0,0,0,0,0,0,0,0,0,0,0,0,0,0,0,0,0,0,0,0,0,0,0,0,0,0,0,0,0,0,0,0,0,0,0,0,0,0,0,0,0,0,0,0,0,0,0,0,0,0,0,0,0,0,0,0,0,0,0,0,0,0,0,0,0,0,0,0,0,0,0,0,0,0,0,0,0,0,0,0,0,0,0,0,0,0,0,0,0,0,0,0,0,0,0,0,0,0,0,0,0,0,0,0,0,0,0,0,0,0,0,0,0,0,0,0,0,0,0,0,0,0,0,0,0,0,0,0,0,0,0,0,0,0,0,0,0,0,0,0,Eukaryota;Chordata;Aves;Columbiformes;Columbidae;Columba;Columba livia
0,0,0,0,0,0,0,0,0,0,0,0,0,35,0,0,0,0,0,0,0,0,0,0,0,0,0,0,0,0,0,0,0,0,0,0,0,0,0,0,330,102,286,846,34,1685,55,640,0,0,0,0,0,0,0,0,0,0,276,0,0,0,208,0,219,0,0,0,0,0,28,0,48,0,160,14,0,0,0,134,0,85,0,0,0,0,0,0,0,36,0,0,0,0,0,0,0,0,0,0,0,0,0,0,0,0,0,0,0,0,0,0,0,0,0,31,0,0,0,0,0,0,0,0,0,0,0,0,0,0,0,0,0,0,0,1754,7351,0,2339,2380,1905,285,0,0,0,0,0,0,0,0,0,0,0,0,0,0,0,0,0,0,0,0,0,0,0,0,0,0,3577,1849,5179,5986,5669,5891,0,3640,2237,0,0,0,0,0,0,0,0,0,812,1752,2184,99,323,0,1256,2056,844,0,600,2881,0,12,0,12400,4582,7316,0,0,2737,0,210,0,0,311,0,0,0,0,2609,0,0,0,0,0,0,28,0,450,0,0,0,0,0,0,0,0,0,0,0,0,0,0,0,0,0,0,0,0,0,0,0,0,0,0,0,0,0,0,0,0,0,0,0,0,0,0,0,0,0,0,0,0,0,0,0,0,Eukaryota;Chordata;Actinopteri;Centrarchiformes;Kyphosidae;Medialuna;Medialuna californiensis
0,0,0,0,0,0,0,0,0,0,0,0,0,0,0,0,0,0,0,0,0,0,0,0,0,0,0,0,0,0,0,0,0,0,0,0,0,0,0,120,0,0,0,0,0,0,0,0,0,0,0,0,0,0,0,0,0,0,0,0,0,0,0,0,0,0,0,0,0,0,0,0,0,0,0,0,0,0,0,0,0,0,0,0,34,0,70,0,0,19,0,26,0,0,0,0,70,9,0,0,0,0,141,0,0,0,0,165,0,0,0,0,0,0,0,0,0,0,0,56,42,31,67,69,111,0,57,0,0,0,0,0,0,0,0,0,0,0,0,0,0,0,0,0,0,0,0,0,0,0,0,0,0,0,0,0,0,0,0,0,0,0,90,0,0,0,0,0,0,0,0,0,0,0,0,0,0,0,0,1370,0,0,0,449,0,263,0,0,0,0,0,0,0,0,0,0,0,0,0,0,0,0,0,0,0,0,0,0,0,0,0,0,0,0,0,0,0,0,0,27,170,0,0,90,50,0,0,0,0,0,0,0,0,253,0,0,0,0,0,0,0,0,0,0,0,0,0,0,0,0,0,0,0,0,0,0,0,0,0,0,0,0,350,0,0,1534,158,98,696,693,2004,272,953,320,Eukaryota;Chordata;Actinopteri;;Sciaenidae;Atractoscion;Atractoscion nobilis
0,0,0,0,0,0,0,0,0,0,0,0,0,0,0,0,0,0,0,0,0,0,0,0,0,4984,853,2077,1164,1564,7885,4055,1376,30032,13656,8457,89358,4391,7505,10187,0,0,0,0,0,0,0,0,0,0,0,0,0,0,0,0,0,0,0,0,0,0,0,0,0,0,0,0,0,0,0,0,0,0,0,0,0,0,0,0,0,0,0,0,0,0,0,0,0,0,0,0,0,0,0,0,0,0,0,0,0,0,0,0,0,0,0,0,0,0,0,0,0,0,0,0,605,0,0,0,0,0,0,0,0,0,0,0,0,0,0,0,0,0,0,0,0,0,0,0,0,0,0,0,0,0,0,0,0,0,0,0,0,0,1375,306,72,1935,39,644,545,564,140,1058,623,233,404,188,0,0,0,0,0,0,0,0,0,0,0,0,0,0,0,0,0,0,0,0,0,0,0,0,0,0,0,0,0,0,0,0,0,0,0,0,0,0,0,0,0,0,0,0,0,0,0,0,0,0,0,0,0,0,0,0,0,0,0,0,0,0,0,0,0,0,0,0,0,0,0,0,0,0,0,0,0,0,0,0,0,0,0,0,0,0,0,0,0,0,0,0,0,0,0,0,48,0,0,0,0,0,0,0,0,0,Eukaryota;Chordata;Mammalia;Carnivora;Phocidae;Mirounga;Mirounga angustirostris
21,0,0,0,65,0,0,0,0,0,0,0,0,0,0,0,0,0,0,0,0,0,0,0,0,5,0,0,0,0,0,0,23,479,63,299,1442,122,102,18,0,0,195,0,0,450,112,0,0,0,0,0,532,257,228,0,0,0,0,0,0,0,0,0,0,0,167,0,0,0,0,0,0,0,0,0,0,0,0,0,0,0,0,10,24,193,0,0,0,0,57,101,0,0,0,0,0,0,0,0,93,0,0,20,0,0,0,0,0,0,0,0,0,0,0,0,0,25,171,71,134,62,38,0,28,0,162,0,4197,0,208,957,170,302,737,0,0,0,0,0,0,0,0,0,0,3748,1496,0,0,0,0,0,0,0,0,0,0,0,0,1891,1480,0,1442,0,564,1553,127,452,0,0,0,0,2752,0,1102,0,0,0,0,4354,0,0,0,0,5561,0,0,0,0,0,0,0,0,0,0,0,1671,0,0,0,0,0,0,0,0,0,0,0,0,0,0,0,0,0,0,0,0,786,0,0,0,0,0,157,150,0,0,0,0,0,0,0,0,0,0,0,0,0,0,0,0,0,0,0,0,0,0,0,0,0,0,0,0,0,0,0,0,0,0,0,1158,0,0,0,0,13873,319,1839,1170,1245,2931,1455,1680,0,Eukaryota;Chordata;Actinopteri;Pleuronectiformes;Paralichthyidae;Citharichthys;Citharichthys stigmaeus
0,0,0,0,0,0,0,0,0,0,0,0,0,0,0,0,0,0,0,0,0,0,0,0,0,0,0,0,0,0,0,0,0,0,0,0,0,0,0,0,0,0,0,0,0,0,0,0,0,0,0,0,0,0,0,0,938,0,812,0,0,0,0,0,0,0,0,0,0,0,0,0,0,0,0,0,0,0,0,0,0,0,0,0,0,0,0,0,0,0,0,0,0,0,0,0,0,0,0,0,0,0,0,0,0,0,0,0,0,0,0,0,0,0,0,0,0,0,0,0,0,0,0,0,0,0,0,0,0,0,0,0,0,0,0,0,0,0,0,0,0,0,0,0,0,0,0,0,0,0,0,0,0,0,0,0,0,0,0,0,0,0,0,0,0,0,59,0,0,0,0,0,0,0,0,0,0,0,0,0,0,0,0,0,0,0,0,0,0,0,0,0,0,0,0,0,0,0,0,0,0,0,0,0,0,0,0,0,0,0,0,0,0,0,0,0,0,0,0,0,0,0,0,0,0,0,0,0,0,0,0,0,0,0,0,0,0,0,0,0,0,0,0,0,0,0,0,0,0,0,0,0,0,0,0,0,0,0,0,0,0,0,0,0,0,0,0,0,0,0,0,0,0,0,Eukaryota;Chordata;Actinopteri;Pleuronectiformes;Pleuronectidae;Pleuronichthys;Pleuronichthys coenosus
103,54,61,118,111,0,126,56,117,0,0,0,0,0,0,0,0,0,0,0,0,0,0,0,541,0,117,0,0,0,0,0,0,0,0,0,0,75,0,0,0,0,0,0,0,0,0,0,0,0,0,0,0,0,0,0,0,0,0,0,0,0,0,0,0,460,0,0,0,273,0,0,302,0,0,0,0,0,0,0,0,0,0,0,0,180,0,0,0,0,0,110,0,0,0,0,0,0,0,0,0,0,0,0,0,0,0,0,0,0,0,0,0,0,0,0,0,0,66,0,73,0,0,380,306,21,97,116,1128,1656,654,249,298,0,351,1781,0,0,0,0,0,0,0,0,0,0,0,0,0,0,0,0,0,0,0,0,0,0,0,68,0,0,0,0,0,0,0,0,0,0,0,0,0,0,0,0,0,0,0,0,0,765,0,0,0,0,0,0,0,0,0,0,0,0,0,0,381,0,0,0,0,0,0,0,0,0,0,0,0,0,0,0,0,0,0,0,0,0,0,108,0,46,0,371,0,0,0,0,15282,0,0,480,0,0,0,0,0,0,0,0,0,0,0,0,0,0,0,0,0,0,0,0,0,0,0,0,0,0,0,0,0,0,0,0,0,2953,1589,1518,1193,287,0,3567,3067,1214,Eukaryota;Chordata;Actinopteri;;Embiotocidae;Phanerodon;Phanerodon vacca
0,0,0,0,0,0,21,0,0,0,0,0,0,0,0,0,0,0,0,0,0,0,0,0,0,0,0,0,0,0,0,0,0,0,0,0,0,0,0,0,0,0,49,10,4,0,0,0,0,0,0,0,0,0,0,0,0,0,0,0,0,0,0,0,0,0,0,0,0,0,0,0,0,0,0,0,0,0,0,0,0,0,0,0,11,15,3,4,0,0,6,0,0,0,0,0,21,0,0,0,0,0,0,5,0,3,36,26,0,0,0,0,0,0,0,0,0,0,0,0,0,0,0,0,0,0,0,0,0,0,0,0,0,0,0,0,0,0,0,0,0,0,0,0,0,0,0,0,0,0,0,0,0,0,0,0,0,0,0,0,0,0,0,0,0,0,0,0,0,0,0,3,0,0,0,0,0,0,0,0,0,0,0,0,0,0,0,0,0,0,0,0,0,0,0,0,0,0,0,0,0,0,0,0,0,0,0,0,0,0,0,0,0,0,0,0,0,0,0,0,0,0,0,0,0,0,0,0,0,0,0,0,0,0,0,0,0,0,0,0,0,0,0,0,0,0,0,0,5,3,0,0,0,0,0,0,0,0,0,0,0,0,0,0,0,0,0,0,0,0,0,0,0,0,Eukaryota;Chordata;Actinopteri;Batrachoidiformes;Batrachoididae;Porichthys;Porichthys myriaster
0,0,0,0,0,0,0,0,0,0,0,0,0,0,0,0,0,0,0,0,0,0,0,0,0,0,0,0,0,0,0,0,0,0,0,0,216,0,0,0,0,0,0,0,0,470,893,0,0,19,0,0,0,214,0,0,0,0,0,0,0,0,0,0,0,0,0,0,0,227,0,0,0,0,0,0,0,0,0,378,0,0,0,0,0,0,0,0,0,0,0,0,0,0,0,0,0,0,0,0,0,0,0,81,0,0,0,0,0,0,0,0,0,0,0,0,0,0,0,0,0,0,16,0,0,0,0,0,131,0,0,0,0,0,0,0,311,0,0,0,0,0,0,0,0,0,226,79,0,397,0,0,0,1181,0,0,0,0,0,0,0,0,0,0,214,0,0,0,0,0,0,21,3413,213,282,0,0,0,0,0,0,0,187,0,0,0,0,0,0,0,0,0,0,0,0,0,0,0,39,0,0,1865,0,1044,0,0,0,0,0,0,0,0,0,0,0,0,0,238,0,0,0,281,0,0,314,2,249,230,6317,5725,144,0,0,0,0,0,147,0,0,0,0,413,228,0,0,0,0,253,0,0,0,0,0,0,0,0,0,158,365,0,219,974,811,0,215,0,0,914,311,0,0,0,1785,0,Eukaryota;Chordata;Actinopteri;;Embiotocidae;;
0,0,0,82,0,0,216,0,243,0,0,0,0,0,0,0,0,0,0,0,0,0,0,0,0,0,0,0,0,0,0,0,0,0,234,0,301,0,0,0,0,0,271,226,0,0,0,0,217,0,0,0,0,0,0,0,0,0,0,0,0,0,0,183,0,0,0,126,0,0,0,0,0,0,0,0,0,0,0,0,0,92,0,0,0,0,0,0,0,9,0,0,0,0,37,0,0,0,0,0,0,0,0,0,0,0,0,0,0,0,0,0,0,0,0,0,0,0,310,69,0,0,0,0,71,0,0,0,0,2114,0,0,0,0,0,1311,0,0,0,0,0,0,0,0,0,0,0,0,0,0,0,0,0,0,0,0,0,0,0,0,810,614,136,2383,2235,0,0,0,0,0,0,0,1634,602,0,0,0,451,1840,0,0,0,0,0,0,0,1263,0,954,0,0,0,0,0,0,0,0,0,0,0,0,0,0,0,0,0,0,0,136,0,0,0,0,0,0,0,0,0,0,0,0,0,0,0,0,0,0,0,0,0,0,0,0,0,0,0,0,0,0,0,0,0,0,0,0,528,0,0,0,0,0,0,0,0,0,0,0,0,0,0,0,0,0,0,0,0,0,0,0,1320,0,0,0,0,Eukaryota;Chordata;Actinopteri;Carangiformes;Carangidae;Trachurus;Trachurus symmetricus
0,0,0,0,0,0,0,0,0,0,0,0,0,0,0,0,0,0,0,0,0,0,0,0,0,0,0,0,0,0,0,0,0,0,0,0,0,0,0,0,0,0,0,0,0,0,0,0,0,0,0,0,0,0,0,0,0,0,0,0,0,0,0,0,0,0,0,0,0,0,0,0,0,0,0,0,0,0,0,0,0,0,0,0,0,0,0,0,0,38,0,0,0,0,0,0,0,0,0,0,0,0,0,0,0,0,0,0,0,0,0,0,0,0,0,0,0,0,0,0,0,0,0,0,0,0,0,0,0,0,0,0,0,0,0,0,0,0,0,0,0,0,0,0,0,0,0,0,0,0,0,0,0,0,0,0,0,0,0,0,0,0,0,0,0,0,0,0,0,0,0,0,0,0,0,0,0,0,0,0,0,0,0,0,0,0,0,0,0,0,0,0,0,0,0,0,0,0,0,0,0,0,0,0,0,0,0,0,0,0,0,0,0,0,0,0,0,0,0,21,0,140,0,0,92,183,0,0,0,0,0,0,0,0,0,0,0,0,0,0,0,0,0,0,0,0,0,0,0,0,0,0,0,0,0,0,0,0,0,0,0,0,0,0,0,0,0,0,0,0,0,0,0,0,Eukaryota;Chordata;Actinopteri;;Sciaenidae;Cheilotrema;Cheilotrema saturnum
0,0,0,0,0,0,0,0,0,0,0,0,523,154,1024,153,0,1023,0,0,0,0,0,0,0,0,0,0,0,0,0,0,0,0,0,0,0,0,0,0,0,0,0,0,0,0,81,0,0,0,0,0,0,0,0,0,0,0,0,0,0,0,0,78,0,0,0,0,0,0,0,0,0,0,0,0,0,0,0,0,0,0,0,0,0,0,0,0,0,0,0,0,0,0,0,0,0,0,0,0,0,0,0,0,0,155,0,0,0,0,0,0,0,0,0,0,0,0,0,0,0,0,0,0,0,0,0,0,0,0,0,0,0,0,0,0,0,4,26,0,32,13,0,36,0,0,0,0,0,0,0,0,0,0,0,0,0,0,0,0,0,0,0,0,0,0,0,0,0,0,0,0,0,0,0,0,0,0,0,0,0,0,0,0,0,0,0,0,0,0,0,0,0,0,0,0,0,0,0,0,0,0,21,0,0,0,0,0,0,0,0,0,0,0,0,0,0,0,0,0,0,0,0,0,0,0,0,0,0,0,0,0,0,0,0,0,0,0,0,0,0,0,0,0,0,0,0,0,0,0,0,0,0,0,0,0,0,0,0,0,0,0,0,0,0,0,0,0,0,0,0,0,0,0,Eukaryota;Chordata;Mammalia;Artiodactyla;Delphinidae;;
0,0,0,0,0,0,0,0,0,0,0,0,0,24,0,442,0,0,0,0,0,0,0,0,0,0,0,0,0,0,0,0,0,0,0,0,0,0,0,0,0,0,0,0,0,0,0,0,0,0,0,0,0,0,0,0,486,64,334,51,317,0,162,784,412,0,0,0,0,0,0,0,0,0,0,0,0,0,110,0,416,0,0,0,0,0,0,0,0,0,0,0,0,0,0,0,0,0,0,0,0,0,0,0,0,0,0,0,0,0,0,0,0,0,0,0,0,0,0,0,0,0,0,0,0,0,0,0,0,0,0,0,0,0,0,0,5340,0,0,448,0,0,4221,0,0,0,0,0,0,0,0,0,0,0,0,0,0,0,0,0,0,0,0,0,0,0,0,0,0,0,0,0,0,0,0,0,0,0,0,0,0,0,0,0,0,0,2692,4953,1048,945,207,0,2728,3217,298,0,0,0,0,0,0,0,0,0,0,0,0,0,37,0,628,594,8,16,770,0,0,0,0,0,0,0,0,0,0,0,0,0,0,0,0,0,0,0,0,0,0,0,0,0,0,0,0,0,0,0,0,0,1570,0,0,0,0,0,0,0,0,0,0,0,0,0,0,0,0,0,0,0,0,0,0,0,0,0,Eukaryota;Chordata;Actinopteri;Anguilliformes;Muraenidae;Gymnothorax;Gymnothorax mordax
200,146,167,268,525,1188,0,0,117,0,0,0,398,7,0,241,0,976,335,41,5916,91,243,34,737,741,0,361,15,110,357,0,0,777,873,695,13886,453,600,1343,0,0,1640,1237,31,436,274,254,198,73,2557,2005,1148,994,2100,2732,0,0,0,0,0,0,0,0,0,100,60,172,45,510,0,31,229,1157,1085,314,627,330,246,1720,497,61,163,597,248,647,418,429,139,567,591,582,272,103,56,75,209,89,124,602,572,307,1689,318,73,1029,149,655,151,225,0,11,0,0,0,771,778,193,3481,1239,961,1014,1136,3207,2102,1349,2754,1075,5743,4723,622,922,1440,632,0,0,8841,0,0,0,0,1303,6353,0,3829,14150,11653,2475,15645,8718,10680,11651,4301,11153,0,6291,3999,39907,5252,0,1649,320,2984,14413,9060,3709,9093,5199,758,420,3093,8710,16389,14134,9988,3823,7935,1258,1336,13346,5753,18047,4355,8443,17039,6663,0,0,0,0,0,0,0,0,0,0,0,930,4438,1112,1978,30972,3863,11961,0,0,0,0,2935,3941,3495,2516,4568,12436,274,767,1651,3200,3817,3557,3568,9067,5917,2685,3087,11344,9050,5737,39071,10380,3791,0,0,1039,483,0,15345,14543,2436,2181,0,35582,8351,12745,2788,2056,0,6385,3192,0,0,0,0,0,0,0,0,7302,8379,5738,9696,9043,22638,3389,17246,26693,8161,15403,19545,10298,41868,29022,66116,34433,Eukaryota;Chordata;Actinopteri;;Embiotocidae;Amphistichus;
0,0,0,0,0,0,0,28,0,0,0,0,0,0,0,0,0,0,0,0,0,0,0,0,0,0,0,0,0,0,0,0,0,0,0,0,0,149,0,297,0,0,0,0,0,0,0,0,0,0,0,0,0,0,0,0,219,46,0,0,0,0,0,192,0,0,0,128,0,0,0,8,0,0,0,0,0,0,0,0,0,0,0,0,0,0,0,0,0,0,0,0,0,0,0,0,0,8,0,0,0,0,0,0,0,0,0,0,0,0,0,0,0,0,0,114,1478,0,0,0,0,0,0,0,0,0,0,0,4,0,0,0,0,0,0,0,0,0,0,0,0,0,0,0,0,0,0,0,0,0,0,0,0,0,0,0,0,0,0,0,0,0,0,0,0,0,0,0,0,0,0,0,12,0,0,0,0,0,0,0,0,0,0,0,0,0,0,0,0,0,0,0,0,0,0,0,0,0,12,0,0,0,28,0,0,0,0,0,0,0,0,0,0,0,0,0,0,0,0,0,0,0,0,0,0,0,0,0,0,0,0,0,0,0,0,0,0,0,0,0,0,0,0,0,0,0,0,0,0,0,0,0,0,0,0,0,0,0,0,0,0,0,13,0,0,0,0,0,0,0,0,0,0,0,Eukaryota;Chordata;Aves;Charadriiformes;Laridae;Larus;
0,0,0,0,0,0,0,0,0,0,0,0,0,0,0,0,0,0,0,0,0,0,0,0,0,0,0,0,0,0,0,0,0,0,0,0,0,0,0,0,0,0,0,0,0,0,0,0,0,0,0,0,0,0,0,0,0,0,0,0,0,0,0,0,0,0,0,0,0,0,0,0,0,0,0,0,0,0,0,0,0,0,0,372,273,603,126,377,153,510,133,274,0,0,0,0,0,0,0,0,0,0,0,0,0,0,0,0,0,0,0,0,0,0,0,0,0,0,0,0,0,0,0,0,0,0,0,0,0,0,0,0,0,0,0,0,0,0,0,0,0,0,0,0,0,0,0,0,0,0,0,0,0,0,0,0,0,0,0,0,0,0,0,0,0,0,0,0,0,0,0,0,0,0,0,0,0,0,0,0,0,0,0,0,0,0,0,0,0,0,0,0,0,0,0,0,0,0,0,0,0,0,0,0,0,0,0,0,0,0,0,0,0,0,0,0,0,0,0,0,0,0,0,0,0,0,0,0,0,0,0,0,0,0,0,0,0,0,0,0,0,0,0,0,0,0,0,0,0,0,0,0,0,0,0,0,0,0,0,0,0,0,0,0,0,0,0,0,0,0,0,0,0,0,Eukaryota;Chordata;Aves;Podicipediformes;Podicipedidae;Aechmophorus;Aechmophorus occidentalis
0,0,0,0,0,0,0,0,0,0,0,0,0,0,0,0,0,0,0,0,0,0,0,0,0,0,0,0,0,0,0,0,29,0,72,141,1796,84,0,0,0,0,0,0,0,0,0,0,0,0,0,0,0,0,0,0,0,0,0,0,0,0,0,0,0,0,0,0,0,0,0,0,0,0,0,0,0,0,0,0,0,0,0,0,0,0,0,0,0,0,0,0,0,0,0,0,0,0,0,0,0,0,0,0,0,0,0,150,0,0,0,0,0,0,0,131,310,0,0,0,0,0,0,0,0,0,0,0,0,0,79,0,0,381,312,0,0,0,0,0,0,0,0,0,0,0,0,0,0,0,0,0,0,0,0,0,0,0,0,0,1385,215,615,4759,0,1408,0,252,0,0,0,0,0,0,0,0,0,0,0,0,0,0,0,0,0,1706,0,0,0,0,0,0,0,0,0,0,0,0,0,231,0,0,0,0,0,0,0,0,0,0,0,0,0,0,0,0,0,0,0,0,0,0,0,0,0,0,0,0,0,0,0,0,0,0,0,0,0,0,0,0,0,0,18,0,0,0,0,0,3079,0,0,0,0,0,0,0,0,3545,1831,0,0,1660,0,0,0,0,0,0,0,0,0,0,0,0,Eukaryota;Chordata;Actinopteri;;Embiotocidae;Micrometrus;Micrometrus aurora
0,0,0,31,0,0,0,0,0,0,0,0,0,0,0,0,0,0,0,0,0,0,0,0,0,0,0,0,0,0,545,0,0,0,0,0,0,0,0,0,0,0,0,0,0,0,0,0,0,0,0,0,0,0,0,255,0,0,0,0,0,0,0,0,0,0,0,56,0,0,0,0,0,0,0,0,0,111,29,301,0,0,0,91,53,0,133,49,66,32,17,125,0,0,0,0,120,0,0,0,0,0,0,0,0,0,0,0,0,0,0,0,0,0,0,0,0,0,29,0,0,0,0,0,0,0,0,0,0,0,0,185,0,0,0,0,0,0,0,0,571,0,0,0,0,0,0,0,0,0,0,0,0,0,0,0,0,0,0,0,0,0,0,0,0,0,0,0,0,0,0,0,0,0,0,0,0,0,0,0,0,0,0,2430,1235,0,0,0,0,0,0,0,0,0,0,3050,398,0,0,0,0,0,0,0,0,0,0,0,0,0,0,85,0,0,178,0,511,204,997,0,161,848,358,0,0,290,0,0,0,0,0,0,0,0,0,0,0,0,0,0,0,0,0,0,0,0,0,1613,0,0,0,0,0,0,0,0,0,0,0,0,0,0,0,0,0,0,0,0,0,0,427,0,0,0,Eukaryota;Chordata;Actinopteri;Blenniiformes;Gobiesocidae;Rimicola;Rimicola muscarum
0,0,0,0,0,0,0,0,0,0,0,0,0,0,0,105,0,0,0,0,0,0,0,0,0,0,0,0,0,0,0,0,0,0,0,13,0,0,0,0,196,0,0,0,0,0,0,0,0,0,0,0,688,0,0,0,121,0,0,0,0,0,0,0,0,235,0,0,0,0,0,0,0,0,0,0,0,0,0,0,325,54,0,35,0,0,0,0,0,0,0,0,0,0,72,0,0,0,0,0,0,0,0,0,0,0,0,0,46,0,0,19,0,0,0,0,0,0,0,0,0,0,0,0,0,0,0,0,0,0,0,0,0,0,0,0,0,0,0,0,0,0,0,0,0,0,0,0,0,0,0,0,0,0,0,0,0,0,0,0,0,0,0,0,0,0,0,0,0,0,0,0,0,0,0,0,0,0,0,0,0,0,0,0,0,0,0,0,0,0,0,0,0,0,2,0,0,0,0,0,0,0,0,0,0,0,0,0,0,0,0,0,0,2,0,0,0,0,0,0,0,0,0,0,0,0,0,0,0,0,0,0,0,0,0,0,0,0,0,0,0,0,0,0,0,0,0,0,0,0,0,0,0,0,0,0,0,0,0,0,0,0,0,0,0,0,0,0,0,0,0,0,0,0,Eukaryota;Chordata;Aves;Galliformes;Phasianidae;Gallus;Gallus gallus
0,0,0,0,0,0,0,0,0,0,0,0,0,0,0,0,0,0,0,0,0,0,0,0,0,0,0,0,0,0,0,0,0,0,0,0,0,0,0,0,0,0,0,0,0,0,0,0,0,0,0,0,0,0,0,0,0,0,0,0,0,0,0,0,0,0,0,0,0,0,0,0,0,0,0,0,0,0,0,0,0,0,0,68,28,255,225,0,0,463,203,243,0,557,0,148,0,0,0,0,88,0,0,0,0,0,0,0,0,0,0,0,0,0,0,0,0,0,0,0,0,0,0,0,0,0,0,0,0,0,0,0,0,0,0,0,0,0,0,0,0,0,0,0,0,0,0,0,0,0,0,0,0,0,0,0,0,0,0,0,0,0,0,0,0,0,0,0,0,0,0,0,0,0,0,0,0,0,0,0,0,0,0,0,0,0,0,0,0,0,0,0,0,0,0,0,0,0,0,0,0,0,0,0,0,0,0,0,0,0,0,0,0,0,0,0,0,6,5,3,5,2,0,0,3,0,0,0,0,0,0,0,0,0,0,0,0,0,0,0,0,0,0,0,0,0,0,0,0,0,0,0,0,0,0,0,0,0,16,0,0,0,0,0,0,0,0,0,0,0,0,0,0,0,Eukaryota;Chordata;Aves;Charadriiformes;Charadriidae;Pluvialis;Pluvialis dominica
0,43,0,0,20,0,0,0,239,0,0,0,0,0,0,0,0,0,0,0,0,0,0,0,0,0,0,0,0,0,390,0,0,0,0,0,0,0,0,0,104,18,0,0,0,0,0,0,0,0,0,0,0,0,0,0,0,0,0,0,0,0,0,0,0,0,249,33,0,204,0,0,0,0,0,0,0,0,0,0,0,0,0,62,0,0,0,0,0,0,26,0,0,0,0,0,0,15,0,0,0,0,0,0,0,0,0,0,0,0,0,0,0,0,0,228,314,0,0,0,29,0,0,0,43,0,0,0,0,383,184,655,744,470,0,0,0,0,0,0,337,0,0,0,0,0,0,0,0,0,0,0,0,0,0,0,0,0,0,0,0,0,0,0,0,0,0,0,1963,0,0,0,0,0,0,0,0,0,0,0,0,0,0,0,0,0,0,0,0,0,0,0,0,0,0,0,792,1645,0,290,0,0,0,0,0,0,0,0,0,0,0,0,0,0,0,0,0,0,1236,0,0,0,0,0,0,0,0,0,0,0,0,0,0,0,0,0,0,965,0,0,0,0,0,0,0,0,0,0,0,0,0,0,0,0,0,0,0,0,0,0,1683,1632,13594,0,0,0,0,0,533,574,411,0,0,0,Eukaryota;Chordata;Actinopteri;;Embiotocidae;Brachyistius;Brachyistius frenatus
0,0,0,0,0,0,0,0,0,0,50,117,436,35,0,440,52,334,0,0,0,0,0,0,0,0,0,0,0,0,0,0,0,0,0,0,0,0,0,0,0,0,0,0,0,0,0,0,0,0,0,0,0,0,0,0,0,0,0,0,0,0,0,0,0,0,0,0,0,0,0,0,0,0,0,0,0,0,45,0,0,0,0,0,0,0,0,0,0,0,0,0,0,0,0,0,0,0,0,0,20,0,0,0,17,101,0,0,0,0,0,0,0,0,0,0,0,0,0,0,0,0,0,0,0,0,0,0,0,0,0,0,0,0,0,0,0,0,0,0,1207,1851,5444,148,490,0,0,0,0,0,0,0,0,0,0,0,0,0,0,0,0,0,0,0,0,0,0,0,0,0,0,0,0,0,0,0,0,0,0,0,0,0,0,0,0,0,0,0,0,0,0,0,0,0,0,0,0,0,2923,0,0,0,0,0,0,0,0,0,0,0,327,0,0,0,0,0,0,0,0,0,0,0,0,0,0,0,0,0,0,0,0,0,0,0,0,0,0,0,0,0,0,0,0,0,0,0,748,0,0,0,0,0,0,0,0,0,0,0,0,0,9,0,0,0,0,0,0,0,0,0,0,0,0,0,Eukaryota;Chordata;Actinopteri;Ophidiiformes;Ophidiidae;Ophidion;Ophidion scrippsae
0,0,0,0,0,0,0,0,0,36,105,0,1004,162,0,757,271,1280,0,0,0,0,0,0,0,0,0,0,0,0,0,0,0,0,0,0,0,0,0,0,0,0,0,0,0,0,0,0,0,0,0,0,0,0,0,0,0,0,0,0,67,0,28,651,0,0,0,0,0,0,0,0,0,0,0,57,443,330,0,737,181,51,980,128,12,479,0,45,250,58,32,63,0,0,0,0,0,0,0,0,0,0,0,0,0,0,0,0,0,0,384,176,75,68,62,0,0,0,0,0,0,0,0,0,0,0,0,0,0,0,0,0,0,0,0,0,0,0,531,1647,3978,2343,8011,1733,12992,0,0,0,0,0,0,0,0,0,0,0,0,0,0,0,0,0,0,0,0,0,0,0,864,0,0,0,0,0,0,0,0,0,0,0,0,0,0,0,0,0,859,1626,0,1437,650,4923,459,790,0,0,0,0,0,0,0,0,0,0,0,0,0,0,311,1040,0,822,0,0,702,1195,5383,947,5166,14,236,1194,282,433,999,1006,0,0,0,0,0,0,0,0,0,0,0,0,0,0,0,0,0,0,0,0,0,0,0,4925,1347,2505,20222,2265,5081,500,0,0,0,0,0,0,0,0,0,0,0,0,0,0,0,0,0,0,Eukaryota;Chordata;Actinopteri;Centrarchiformes;Kyphosidae;Kyphosus;Kyphosus azureus
0,0,0,0,0,0,0,0,0,0,70,0,0,0,1114,0,0,218,0,0,0,0,128,0,0,0,0,0,0,0,0,0,0,0,0,0,0,0,0,0,0,0,0,0,0,0,0,0,0,0,0,0,0,0,0,0,86,49,207,10,0,0,0,276,0,0,0,0,0,0,0,0,0,0,0,0,0,0,0,0,0,0,0,0,0,0,0,0,0,0,0,0,0,0,0,0,0,0,0,0,0,0,0,0,0,0,0,0,0,0,0,0,0,0,0,0,0,0,0,0,0,0,0,0,0,0,0,0,0,0,0,0,0,0,0,0,0,0,2374,0,0,0,0,0,0,0,0,0,0,0,0,3714,1377,0,0,0,0,0,0,0,0,0,0,0,0,0,0,0,0,0,0,0,0,0,0,0,0,0,0,0,0,0,0,0,0,0,941,2401,309,862,665,0,3082,0,235,0,0,0,0,0,0,0,0,0,0,0,0,0,0,0,0,0,0,0,0,0,0,0,0,0,0,0,0,0,0,0,0,0,0,0,0,0,0,0,0,0,0,0,0,0,0,0,0,0,0,0,0,0,0,0,0,0,0,0,0,0,0,0,0,0,0,0,0,0,0,0,0,0,0,0,0,0,0,0,Eukaryota;Chordata;Actinopteri;Carangiformes;Carangidae;Seriola;Seriola dorsalis
0,0,0,0,0,0,0,0,0,0,0,0,0,0,0,0,0,0,0,0,0,0,0,0,0,0,0,0,0,0,0,0,0,0,0,0,0,0,0,0,0,0,0,0,0,0,0,0,0,0,0,0,0,0,0,0,0,0,0,0,0,0,0,0,378,0,0,0,0,0,0,0,0,0,0,0,0,0,0,0,0,0,0,0,0,0,0,0,0,0,0,0,0,0,0,0,0,0,0,0,0,356,0,0,0,0,0,0,0,0,0,0,0,0,0,0,0,0,0,0,0,0,0,0,0,0,0,0,0,0,0,0,0,0,0,0,0,0,0,0,0,0,0,0,0,0,0,0,0,0,0,0,0,0,0,0,0,0,0,0,0,0,0,0,0,0,0,0,0,0,0,0,0,0,0,0,0,0,0,0,0,0,0,0,0,0,0,0,0,0,0,2940,961,188,0,0,0,0,0,0,0,0,0,0,0,0,0,0,0,0,0,0,0,0,0,0,0,0,0,0,233,0,0,0,0,308,0,0,0,0,0,0,0,0,0,0,0,0,0,0,0,0,0,0,0,0,0,0,0,0,0,0,0,0,0,0,0,0,0,0,0,0,0,0,0,0,0,0,0,0,0,0,0,0,Eukaryota;Chordata;Actinopteri;Perciformes;Serranidae;Paralabrax;Paralabrax nebulifer
0,0,0,0,0,0,0,0,0,0,0,0,0,23,0,0,0,0,0,0,0,0,102,0,0,0,0,0,0,0,0,0,0,0,0,0,0,0,0,0,0,0,0,0,16,0,0,0,0,0,0,0,0,0,0,0,0,0,0,0,0,0,0,0,0,377,0,0,0,0,0,0,0,0,0,0,0,0,0,0,0,0,0,0,0,0,0,0,0,0,0,0,0,0,0,0,0,0,0,0,0,0,0,0,0,0,0,0,0,0,0,0,0,0,0,0,0,0,63,0,0,21,0,0,0,0,86,0,0,0,0,0,0,0,0,0,0,0,0,0,0,0,0,0,0,0,208,0,0,4989,0,0,0,0,0,0,0,0,0,0,0,0,136,0,2667,361,0,0,0,0,0,0,0,0,0,0,0,0,0,0,0,0,0,0,0,0,0,0,0,0,0,0,0,0,0,0,0,0,0,0,0,0,0,1564,0,0,0,0,0,0,0,0,0,0,0,0,0,0,1798,0,0,0,0,0,0,0,0,0,0,0,0,0,0,0,0,0,0,0,0,0,0,0,0,0,0,0,0,0,0,0,0,0,0,0,0,0,0,0,0,0,0,0,4513,0,0,0,17,393,0,0,0,0,0,0,Eukaryota;Chordata;Actinopteri;;Sphyraenidae;Sphyraena;Sphyraena argentea
0,0,0,0,0,0,0,0,0,0,0,0,0,0,0,0,0,0,0,0,0,0,0,0,0,0,0,0,0,0,0,0,0,0,48,0,0,0,41,0,0,0,0,0,0,0,67,0,0,0,0,0,0,0,0,0,0,0,0,0,0,0,0,0,0,0,0,0,0,0,0,0,0,0,0,0,0,0,0,0,0,0,0,0,0,0,0,0,0,35,82,41,0,0,0,0,204,0,0,0,0,0,0,0,0,0,0,0,0,0,0,0,0,0,0,9,486,0,525,0,0,0,0,0,154,11,0,0,0,0,134,0,0,0,0,0,0,0,0,0,0,0,0,0,0,0,0,0,0,0,0,0,0,0,0,0,0,0,0,0,0,0,505,1456,0,0,0,147,0,0,0,0,0,0,0,0,0,0,0,0,0,0,0,0,0,0,0,0,0,0,0,0,0,0,0,0,0,0,0,0,0,0,0,0,0,0,0,0,0,0,0,0,0,0,0,0,0,711,0,0,512,596,0,106,727,0,0,4445,0,0,0,0,0,0,0,0,916,0,0,0,0,0,0,0,0,0,0,0,0,0,0,0,0,0,0,0,0,0,0,0,0,0,0,0,0,0,0,0,0,0,0,0,0,0,Eukaryota;Chordata;Actinopteri;Pleuronectiformes;Paralichthyidae;Citharichthys;Citharichthys sordidus
0,0,0,0,0,0,0,0,0,0,0,0,0,0,0,0,0,0,0,0,0,0,0,0,0,0,0,0,0,0,0,0,0,0,0,0,0,0,0,0,0,0,0,0,0,0,0,0,131,0,0,0,725,0,0,0,0,0,0,0,0,0,0,0,0,0,0,0,0,0,0,0,0,0,0,0,0,0,0,0,0,0,0,0,56,0,34,93,0,0,0,0,0,0,0,54,0,0,0,0,0,0,0,0,0,0,0,211,0,0,0,0,0,0,0,0,0,77,0,111,0,71,0,0,0,0,55,0,0,0,0,0,0,0,302,0,0,0,0,0,0,0,0,0,0,0,0,0,0,0,0,0,0,0,0,0,0,0,0,0,0,0,0,0,0,0,0,0,0,0,0,0,0,0,0,0,0,0,0,0,0,0,0,729,0,1296,0,0,0,0,0,0,0,0,0,0,0,0,0,0,0,0,0,0,0,0,0,0,0,0,0,0,0,0,0,0,0,0,0,0,0,450,758,0,116,0,0,0,0,0,0,0,0,0,0,0,0,11,0,0,0,0,0,0,1022,0,0,0,0,0,0,0,0,0,0,0,0,0,0,0,0,0,0,0,0,0,0,0,0,0,0,0,1342,0,Eukaryota;Chordata;Actinopteri;;Embiotocidae;Rhacochilus;Rhacochilus toxotes
0,227,0,243,120,0,0,0,193,0,0,0,0,0,0,0,0,0,0,0,0,0,0,0,0,0,0,0,0,0,0,16,0,0,0,0,0,0,0,0,0,0,0,0,0,0,0,0,108,0,0,0,0,0,0,0,0,0,0,0,0,0,0,0,0,0,0,0,0,0,0,0,0,0,0,0,0,0,0,0,0,0,0,0,0,0,0,0,0,0,0,0,0,0,0,0,132,0,0,0,0,0,0,0,0,0,0,0,46,0,0,0,0,0,0,0,0,0,0,0,0,0,0,0,0,0,0,0,1162,0,361,706,547,0,3453,0,0,0,0,0,0,0,0,0,0,0,0,0,0,0,0,0,0,0,8743,4057,0,0,0,444,0,642,312,0,0,0,0,48,0,0,0,0,0,0,0,0,0,0,0,0,0,0,0,0,0,0,0,0,0,0,0,0,0,0,0,0,0,0,0,0,0,0,0,0,0,0,0,0,0,0,0,0,0,0,0,0,0,0,0,0,0,0,0,0,0,0,0,0,0,0,6673,0,0,0,0,0,0,2080,0,0,0,0,0,0,0,0,0,0,1863,0,0,0,0,0,0,0,0,0,0,0,0,5,0,0,0,0,0,0,0,0,0,0,0,0,Eukaryota;Chordata;Actinopteri;Perciformes;Stichaeidae;Cebidichthys;Cebidichthys violaceus
0,0,0,0,0,0,0,0,0,0,0,0,0,0,0,0,0,0,0,0,0,0,0,0,0,0,0,0,0,0,0,0,0,0,0,0,0,0,0,0,0,0,0,0,0,0,0,0,0,0,0,0,0,0,0,0,0,0,0,0,0,0,0,0,0,0,0,0,0,0,0,0,0,0,0,0,0,0,0,0,0,0,0,0,0,0,0,0,0,0,0,0,0,0,0,0,0,0,0,0,0,0,0,0,0,0,0,0,0,0,0,0,0,0,0,0,0,0,0,0,0,0,0,0,0,0,0,0,0,0,0,0,0,0,0,0,0,0,0,0,0,0,0,0,0,0,0,0,0,0,0,0,0,0,0,0,0,0,0,0,0,0,0,0,0,0,0,0,0,0,0,0,0,0,0,0,0,0,0,0,0,0,0,0,0,0,0,0,0,0,0,0,0,0,0,0,0,0,0,0,0,0,0,0,0,0,0,0,0,0,0,0,0,0,0,0,0,0,1434,0,0,0,0,0,0,0,0,0,0,0,0,0,0,0,0,0,0,0,0,0,0,0,0,0,0,0,0,0,0,0,0,0,0,0,0,0,0,0,0,0,0,0,0,0,0,0,0,0,0,0,0,0,0,0,Eukaryota;Chordata;Actinopteri;Perciformes;Serranidae;Mycteroperca;Mycteroperca xenarcha
0,31,0,0,28,0,0,0,374,0,0,0,0,0,0,0,0,0,0,0,0,0,0,0,0,0,0,0,0,16,0,0,0,0,0,0,0,0,0,0,0,0,0,0,0,0,0,0,0,0,0,0,0,0,0,552,0,0,0,0,0,0,0,0,0,0,0,0,37,0,0,0,0,0,0,0,0,0,0,0,0,0,0,0,0,0,0,0,0,0,0,0,0,0,0,0,0,0,0,0,0,0,0,0,0,0,0,197,0,0,0,0,0,0,0,0,0,122,0,82,0,0,0,188,0,0,127,124,0,0,177,649,0,0,0,0,0,0,0,0,0,0,0,0,0,0,0,0,0,0,0,0,0,0,0,62,0,0,0,0,0,0,0,0,0,0,0,0,0,0,0,0,0,0,0,0,0,0,0,5144,0,0,0,0,0,453,0,0,0,0,0,0,0,0,0,0,0,0,0,0,0,0,0,0,0,0,0,0,0,0,0,0,0,0,0,0,0,0,0,0,0,0,0,0,0,0,0,0,0,0,0,0,0,0,0,0,0,0,0,0,0,0,0,3201,0,0,0,0,0,0,0,0,0,0,0,0,0,0,0,0,0,0,0,0,0,2,0,0,0,0,0,0,0,0,Eukaryota;Chordata;Actinopteri;Perciformes;;;
0,0,0,0,0,0,0,0,0,0,0,0,0,0,0,0,0,0,0,0,0,0,0,0,0,0,0,0,0,0,0,0,0,0,0,0,0,0,0,0,0,0,0,0,8,1051,0,12,0,0,0,0,0,0,0,0,0,46,0,0,0,0,0,0,0,0,0,0,0,0,0,0,0,0,0,0,0,0,0,0,0,0,0,0,0,0,0,0,0,0,0,0,0,0,0,0,0,0,0,0,0,0,0,0,0,0,198,0,0,0,0,0,0,0,0,0,0,0,0,0,0,0,0,0,0,0,0,0,0,0,0,0,0,0,0,0,0,0,0,0,0,0,0,0,0,0,0,0,0,0,0,0,0,0,0,0,0,0,0,0,0,0,0,0,0,0,0,0,0,0,0,0,0,0,0,0,0,0,0,0,0,0,0,0,0,0,0,0,0,0,0,0,0,0,0,0,0,0,0,0,0,0,0,0,0,0,0,0,0,0,0,46,0,0,0,0,0,0,0,0,0,0,0,0,0,0,0,0,0,0,0,0,0,0,0,0,0,0,0,0,0,0,0,0,0,0,0,0,0,0,0,0,0,0,0,0,0,0,0,0,0,0,0,0,0,0,0,0,0,0,0,0,0,0,Eukaryota;Chordata;Actinopteri;Pleuronectiformes;Paralichthyidae;Xystreurys;Xystreurys liolepis
0,0,0,0,0,0,0,0,0,0,0,0,0,0,0,0,0,112,0,0,0,0,0,0,0,0,0,0,0,0,0,0,0,0,0,0,0,0,0,0,0,0,0,0,0,0,0,0,0,0,0,0,0,0,0,0,0,0,0,0,0,0,0,0,0,0,0,0,0,0,0,0,0,0,0,0,0,0,0,0,0,0,0,0,0,0,0,0,0,0,0,0,0,0,0,0,0,0,0,0,0,0,0,0,0,0,0,0,0,0,0,0,0,0,0,0,0,0,0,0,0,0,0,0,0,0,0,0,0,0,0,0,0,0,0,0,0,0,0,0,0,0,0,0,0,0,0,0,0,0,0,0,0,0,0,0,0,0,0,0,0,0,0,0,0,0,0,0,0,0,0,0,0,0,0,0,0,0,0,0,0,0,0,0,0,0,0,0,0,0,0,0,0,0,0,0,0,0,0,0,0,0,0,0,0,0,0,0,0,0,0,0,0,0,0,0,0,0,0,0,0,0,0,0,0,0,0,0,0,0,0,0,0,0,0,0,0,0,0,0,0,0,0,0,0,0,0,0,0,0,0,0,0,0,0,0,0,0,0,0,0,0,0,0,0,0,0,0,0,0,0,0,0,0,Eukaryota;Chordata;Actinopteri;Gadiformes;Merlucciidae;Merluccius;Merluccius productus
0,113,170,72,0,0,0,0,320,125,0,0,0,3,417,0,0,0,0,0,226,0,0,0,0,574,46,57,91,114,1333,33,49,0,0,0,3530,0,253,0,2997,419,879,447,36,2286,104,351,3427,0,0,0,0,0,0,0,285,336,81,112,373,2937,547,787,463,535,1007,205,99,1800,112,100,0,15,287,169,240,133,297,3248,25,106,986,137,93,202,65,94,89,261,186,200,412,0,0,0,0,0,0,0,0,0,0,0,0,0,0,0,0,0,0,0,0,0,0,0,0,0,0,0,70,0,0,0,0,0,1211,0,0,0,219,1037,332,20,0,929,0,0,0,0,0,0,2084,0,532,0,0,0,0,0,0,0,0,0,27160,5021,2047,15753,2877,0,2368,781,588,3312,890,335,0,1312,21316,11937,43344,4095,7344,5939,24710,5026,5374,0,0,0,0,0,0,0,0,0,1886,1485,5870,0,6201,0,4638,5804,3678,8309,5185,2298,7917,1088,3819,35369,9329,18702,3001,19562,5409,31569,541,1364,1543,2933,3896,9987,2228,1263,3366,947,6663,0,241,1827,2110,923,1208,790,23304,0,0,9208,0,0,0,0,0,0,0,0,0,0,0,0,0,0,0,0,0,0,0,0,0,0,0,0,0,0,0,0,1812,0,0,0,0,0,0,0,0,0,0,0,0,0,0,1538,Eukaryota;Chordata;Actinopteri;Centrarchiformes;Kyphosidae;Girella;Girella nigricans
0,0,0,0,0,0,0,0,0,0,72,0,1015,0,0,0,0,0,0,0,0,0,0,0,0,0,0,0,0,0,0,0,0,0,0,0,0,0,0,0,5,0,0,0,0,0,36,0,0,0,0,0,0,0,0,0,0,0,0,0,0,0,0,0,0,0,0,0,0,0,0,0,0,0,0,0,0,0,0,0,0,0,0,0,0,0,0,0,0,0,0,0,0,0,0,0,0,0,0,0,0,0,0,0,0,0,0,0,0,0,0,0,0,0,0,0,0,0,0,0,0,0,0,0,0,0,0,0,0,0,0,0,0,0,552,0,0,0,0,0,0,0,0,0,0,0,0,0,0,0,0,0,0,0,0,0,0,0,0,0,0,0,0,0,0,0,0,0,1230,0,0,0,667,0,0,0,0,0,0,0,0,0,0,0,0,0,0,0,0,0,0,0,0,0,0,0,0,0,0,0,0,0,0,0,1374,0,0,0,0,0,301,0,0,0,0,0,0,0,0,0,0,0,0,0,0,0,0,0,0,0,0,0,0,0,0,0,0,0,0,0,0,0,0,0,0,0,0,0,0,0,0,0,0,0,0,0,0,0,0,0,0,0,0,0,0,0,0,0,0,0,0,0,0,0,Eukaryota;Chordata;Actinopteri;Beloniformes;Exocoetidae;Cheilopogon;Cheilopogon pinnatibarbatus
0,0,0,0,0,79,0,0,0,0,0,0,0,0,0,0,0,0,0,0,0,0,0,0,0,0,0,0,0,0,0,0,0,0,0,0,0,0,0,0,0,0,0,0,0,0,0,0,0,0,0,0,0,0,0,0,0,0,0,0,0,0,0,0,0,0,0,0,0,800,29,0,0,0,0,0,0,0,0,0,0,0,0,0,0,0,0,0,0,0,0,0,0,0,0,0,0,10,0,0,0,0,0,14,0,0,0,0,0,0,0,83,0,97,0,0,0,0,0,11,0,0,78,0,0,0,0,0,0,0,0,0,0,0,0,620,0,0,0,0,0,0,0,0,0,0,0,0,0,0,0,0,0,0,0,0,0,0,0,0,0,0,0,1408,0,0,0,0,0,0,0,0,0,0,0,0,0,0,0,7579,0,0,0,0,0,0,0,0,0,0,0,0,0,0,0,0,0,0,0,0,0,0,0,0,0,0,0,0,0,0,0,0,0,0,497,0,0,0,0,0,0,790,0,0,217,1124,0,0,0,0,0,0,0,0,0,0,0,0,0,0,0,0,0,0,0,0,0,519,2917,4899,0,2020,0,25,2412,2627,2132,0,0,0,0,0,0,0,0,0,0,0,0,866,1738,0,0,0,Eukaryota;Chordata;Actinopteri;Syngnathiformes;Syngnathidae;Syngnathus;
0,0,0,0,0,0,0,0,0,9,0,0,0,0,349,0,31,0,0,0,0,0,0,0,0,0,0,0,0,0,0,0,0,0,0,0,0,0,0,0,0,0,0,0,0,0,0,0,0,0,0,0,0,0,0,0,0,0,0,0,0,767,101,326,0,0,0,0,0,0,0,0,0,0,0,0,0,0,0,0,0,0,0,0,0,0,0,0,0,0,0,0,0,0,0,0,0,0,0,0,0,0,0,0,0,0,0,0,0,0,0,0,0,0,0,0,0,0,0,0,0,0,0,0,0,0,0,0,0,0,0,0,0,0,0,0,0,0,381,0,0,111,742,0,0,0,0,0,0,0,0,0,0,0,0,0,0,0,0,0,0,0,0,0,0,0,0,0,0,0,0,0,0,0,0,0,0,0,0,0,0,0,0,0,0,0,0,0,21,64,0,0,0,0,0,0,0,0,0,0,0,0,0,0,0,0,0,0,0,0,0,0,0,0,0,163,0,0,0,0,0,0,0,0,0,0,0,0,0,0,0,0,0,0,0,0,0,0,0,0,0,0,0,0,0,0,0,0,0,0,0,0,0,0,0,0,0,0,0,0,0,0,0,0,0,0,0,0,0,0,0,0,0,0,Eukaryota;Chordata;Actinopteri;Perciformes;Scorpaenidae;Scorpaenodes;Scorpaenodes xyris
0,0,0,0,0,0,0,0,0,0,0,0,0,0,0,385,0,0,0,0,0,0,0,0,0,74,0,0,0,0,40,0,0,0,0,0,0,0,0,0,0,0,0,119,0,0,0,37,0,0,0,0,0,0,0,0,0,0,0,0,0,0,143,0,0,0,0,0,0,0,0,0,0,0,0,0,0,0,0,0,0,0,0,0,0,0,0,0,0,0,0,0,0,0,0,0,65,0,20,0,0,0,0,0,0,0,0,0,0,0,0,16,0,0,0,0,0,0,0,0,0,0,0,0,0,0,0,0,0,0,0,0,0,0,0,0,0,0,0,0,0,0,0,0,0,0,0,0,0,0,0,0,0,0,37,0,0,0,0,0,0,0,0,0,0,0,0,0,0,0,0,6,0,0,0,0,0,0,0,0,0,0,0,0,0,0,0,0,0,0,0,0,0,0,0,0,0,0,0,0,0,0,0,0,0,0,0,0,0,0,0,0,0,0,0,0,0,0,0,0,0,0,0,0,0,0,0,0,0,0,0,0,0,0,0,0,0,0,0,0,0,0,0,0,0,0,0,13,0,0,0,0,0,0,0,0,0,0,0,8,0,0,0,0,0,0,0,0,0,0,0,0,0,0,Eukaryota;Chordata;Mammalia;Primates;Hominidae;Pan;Pan paniscus
0,0,0,0,0,0,0,0,0,196,0,0,33,65,110,13,222,24,0,0,0,0,0,0,0,0,0,0,0,0,0,0,0,0,0,0,0,0,0,0,0,0,0,0,0,0,0,0,0,0,0,0,0,0,0,0,0,0,70,13,33,244,66,58,1170,0,0,0,0,0,0,0,0,0,47,26,0,74,120,50,0,5,46,0,0,8,0,0,0,0,0,0,0,0,0,0,0,0,0,0,0,0,0,0,0,0,0,0,0,0,0,0,0,0,0,0,0,0,0,0,0,0,0,0,0,0,0,0,0,0,0,0,0,0,0,0,0,0,23,0,0,0,0,0,0,0,0,0,0,0,0,0,0,0,0,0,0,0,0,0,0,0,0,0,0,0,0,0,0,0,0,0,0,0,0,0,0,0,0,0,0,0,0,0,0,0,0,0,0,2,0,0,0,0,4,0,0,0,0,0,0,0,0,0,0,0,0,0,0,0,0,0,0,0,0,0,0,0,0,0,0,0,0,0,0,0,0,0,0,0,0,0,0,0,0,0,0,0,0,0,0,0,0,0,0,0,0,0,0,0,0,0,0,0,0,0,0,0,0,0,0,0,0,0,0,0,0,0,0,0,0,0,0,0,Eukaryota;Chordata;Chondrichthyes;Myliobatiformes;Urolophidae;Urobatis;Urobatis halleri
49,0,0,0,0,503,87,0,0,0,0,0,0,0,0,0,0,0,0,0,0,0,0,0,0,0,0,0,0,0,0,0,0,0,0,0,0,0,0,0,0,0,0,0,0,0,0,0,0,45,0,0,0,120,0,0,0,0,0,0,0,0,0,0,0,0,0,0,0,0,0,0,0,0,0,0,0,0,0,0,0,0,0,0,0,0,0,0,0,0,0,0,0,0,0,0,0,0,0,0,0,0,0,0,0,0,0,0,0,0,0,0,0,0,0,0,0,0,0,59,0,0,0,0,0,0,0,0,0,0,512,307,338,0,792,0,0,0,0,0,0,0,0,0,0,0,0,0,0,0,0,0,0,0,3813,0,1603,0,0,0,0,0,153,0,0,291,0,0,0,0,0,0,0,0,0,0,0,846,0,0,0,0,0,0,0,728,0,0,0,0,0,0,0,0,0,0,0,0,0,0,0,0,0,0,0,0,0,0,0,0,0,0,0,0,0,0,0,0,0,0,0,970,0,0,0,0,0,0,0,0,0,0,0,0,0,0,0,0,0,0,0,0,0,0,0,0,0,0,0,0,0,0,0,0,0,0,0,0,0,0,0,1365,0,0,377,0,108,0,0,0,0,0,0,0,Eukaryota;Chordata;Actinopteri;;Embiotocidae;Embiotoca;Embiotoca lateralis
0,0,0,0,0,0,0,0,0,0,0,21,70,0,242,23,5,102,0,0,0,0,0,0,0,0,0,0,0,0,0,0,0,0,0,0,0,0,0,0,40,0,26,0,0,48,0,0,0,0,0,0,0,0,0,0,0,0,0,0,0,321,45,28,9,0,0,0,0,0,0,0,0,0,0,0,8,35,0,0,0,11,29,0,0,0,0,0,0,0,0,0,0,0,0,0,0,0,0,0,0,0,0,0,0,0,0,0,0,0,0,0,0,0,0,0,0,0,0,0,0,0,0,0,0,0,0,0,0,0,0,0,0,0,0,0,181,217,0,746,309,288,476,140,0,0,0,0,0,0,0,0,0,0,0,0,0,0,0,0,0,0,0,0,0,0,0,0,0,0,0,0,0,0,0,0,75,0,0,0,0,0,0,0,0,0,0,83,0,0,0,213,53,75,0,0,0,0,0,0,139,0,0,11,0,0,0,0,11,22,10,19,66,180,0,47,0,0,0,0,0,0,0,0,0,0,0,0,0,0,0,0,0,0,0,0,0,0,0,0,0,0,0,0,0,0,0,0,0,0,0,0,0,0,0,0,0,0,0,0,0,0,0,0,0,0,0,0,0,0,0,0,0,0,Eukaryota;Chordata;Actinopteri;;Pomacentridae;Chromis;Chromis punctipinnis
