"","Species","Site","e_index","sd_e_index","mean_seine_count","sd_seine_count","matching","matching2","eDNA_Presence_tot","nps_Presence_tot","eDNA_detect","Seine_detect"
"1","Cymatogaster aggregata","Bechers",0.394984565080805,0.394984565080805,0,0,"eDNA.Detected.Only","eDNA.Detected.Only",2.34831125589569,2,"eDNA.Detected","Seine.Detected"
"2","Cymatogaster aggregata","Ben_Weston",0,0,0,0,"Both.Missed","Matching",2.34831125589569,2,"eDNA.Detected","Seine.Detected"
"3","Cymatogaster aggregata","China_Camp",0,0,0,0,"Both.Missed","Matching",2.34831125589569,2,"eDNA.Detected","Seine.Detected"
"4","Cymatogaster aggregata","Christy",0,0,0,0,"Both.Missed","Matching",2.34831125589569,2,"eDNA.Detected","Seine.Detected"
"5","Cymatogaster aggregata","Coches",0,0,0,0,"Both.Missed","Matching",2.34831125589569,2,"eDNA.Detected","Seine.Detected"
"6","Cymatogaster aggregata","Cuylers_Harbor",1,1,0,0,"eDNA.Detected.Only","eDNA.Detected.Only",2.34831125589569,2,"eDNA.Detected","Seine.Detected"
"7","Cymatogaster aggregata","Dangermond",0.00710530547347496,0.00710530547347496,0,0,"eDNA.Detected.Only","eDNA.Detected.Only",2.34831125589569,2,"eDNA.Detected","Seine.Detected"
"8","Cymatogaster aggregata","Emerald_Bay",0.279732272954061,0.279732272954061,2,0,"Both.Detected","Matching",2.34831125589569,2,"eDNA.Detected","Seine.Detected"
"9","Cymatogaster aggregata","Ford_Pt",0,0,0,0,"Both.Missed","Matching",2.34831125589569,2,"eDNA.Detected","Seine.Detected"
"10","Cymatogaster aggregata","Forney",0,0,0,0,"Both.Missed","Matching",2.34831125589569,2,"eDNA.Detected","Seine.Detected"
"11","Cymatogaster aggregata","Little_Harbor",0,0,0,0,"Both.Missed","Matching",2.34831125589569,2,"eDNA.Detected","Seine.Detected"
"12","Cymatogaster aggregata","R_Beach",0,0,0,0,"Both.Missed","Matching",2.34831125589569,2,"eDNA.Detected","Seine.Detected"
"13","Cymatogaster aggregata","Sandy_Point",0,0,0,0,"Both.Missed","Matching",2.34831125589569,2,"eDNA.Detected","Seine.Detected"
"14","Cymatogaster aggregata","Santa_Claus",0,0,0,0,"Both.Missed","Matching",2.34831125589569,2,"eDNA.Detected","Seine.Detected"
"15","Cymatogaster aggregata","Santa_Monica",0,0,0,0,"Both.Missed","Matching",2.34831125589569,2,"eDNA.Detected","Seine.Detected"
"16","Cymatogaster aggregata","Soledad",0,0,0,0,"Both.Missed","Matching",2.34831125589569,2,"eDNA.Detected","Seine.Detected"
"17","Cymatogaster aggregata","Southeast_Anchorage",0,0,0,0,"Both.Missed","Matching",2.34831125589569,2,"eDNA.Detected","Seine.Detected"
"18","Cymatogaster aggregata","Water_Canyon",0.666489112387352,0.666489112387352,0,0,"eDNA.Detected.Only","eDNA.Detected.Only",2.34831125589569,2,"eDNA.Detected","Seine.Detected"
"19","Embiotoca jacksoni","Bechers",0.415384152165339,0.415384152165339,0,0,"eDNA.Detected.Only","eDNA.Detected.Only",6.15790851584777,2,"eDNA.Detected","Seine.Detected"
"20","Embiotoca jacksoni","Ben_Weston",0,0,0,0,"Both.Missed","Matching",6.15790851584777,2,"eDNA.Detected","Seine.Detected"
"21","Embiotoca jacksoni","China_Camp",0.221694074653481,0.221694074653481,0,0,"eDNA.Detected.Only","eDNA.Detected.Only",6.15790851584777,2,"eDNA.Detected","Seine.Detected"
"22","Embiotoca jacksoni","Christy",0.0122059785606571,0.0122059785606571,0,0,"eDNA.Detected.Only","eDNA.Detected.Only",6.15790851584777,2,"eDNA.Detected","Seine.Detected"
"23","Embiotoca jacksoni","Coches",0.242649960082382,0.242649960082382,0,0,"eDNA.Detected.Only","eDNA.Detected.Only",6.15790851584777,2,"eDNA.Detected","Seine.Detected"
"24","Embiotoca jacksoni","Cuylers_Harbor",0.221382668331435,0.221382668331435,0,0,"eDNA.Detected.Only","eDNA.Detected.Only",6.15790851584777,2,"eDNA.Detected","Seine.Detected"
"25","Embiotoca jacksoni","Dangermond",1,1,0,0,"eDNA.Detected.Only","eDNA.Detected.Only",6.15790851584777,2,"eDNA.Detected","Seine.Detected"
"26","Embiotoca jacksoni","Emerald_Bay",0,0,0,0,"Both.Missed","Matching",6.15790851584777,2,"eDNA.Detected","Seine.Detected"
"27","Embiotoca jacksoni","Ford_Pt",0.96108215085078,0.96108215085078,0,0,"eDNA.Detected.Only","eDNA.Detected.Only",6.15790851584777,2,"eDNA.Detected","Seine.Detected"
"28","Embiotoca jacksoni","Forney",0.474484047558677,0.474484047558677,0,0,"eDNA.Detected.Only","eDNA.Detected.Only",6.15790851584777,2,"eDNA.Detected","Seine.Detected"
"29","Embiotoca jacksoni","Little_Harbor",0.362487586431543,0.362487586431543,1,0,"Both.Detected","Matching",6.15790851584777,2,"eDNA.Detected","Seine.Detected"
"30","Embiotoca jacksoni","R_Beach",0.632491094890088,0.632491094890088,0,0,"eDNA.Detected.Only","eDNA.Detected.Only",6.15790851584777,2,"eDNA.Detected","Seine.Detected"
"31","Embiotoca jacksoni","Sandy_Point",0.0184025240703889,0.0184025240703889,0,0,"eDNA.Detected.Only","eDNA.Detected.Only",6.15790851584777,2,"eDNA.Detected","Seine.Detected"
"32","Embiotoca jacksoni","Santa_Claus",0.367535398078943,0.367535398078943,0,0,"eDNA.Detected.Only","eDNA.Detected.Only",6.15790851584777,2,"eDNA.Detected","Seine.Detected"
"33","Embiotoca jacksoni","Santa_Monica",0,0,1,0,"Seine.Detected.Only","Seine.Detected.Only",6.15790851584777,2,"eDNA.Detected","Seine.Detected"
"34","Embiotoca jacksoni","Soledad",0.80232552859963,0.80232552859963,0,0,"eDNA.Detected.Only","eDNA.Detected.Only",6.15790851584777,2,"eDNA.Detected","Seine.Detected"
"35","Embiotoca jacksoni","Southeast_Anchorage",0,0,0,0,"Both.Missed","Matching",6.15790851584777,2,"eDNA.Detected","Seine.Detected"
"36","Embiotoca jacksoni","Water_Canyon",0.425783351574426,0.425783351574426,0,0,"eDNA.Detected.Only","eDNA.Detected.Only",6.15790851584777,2,"eDNA.Detected","Seine.Detected"
"37","Micrometrus minimus","Bechers",0.217397073030851,0.217397073030851,2,0,"Both.Detected","Matching",3.64718048858701,19.5,"eDNA.Detected","Seine.Detected"
"38","Micrometrus minimus","Ben_Weston",0,0,0,0,"Both.Missed","Matching",3.64718048858701,19.5,"eDNA.Detected","Seine.Detected"
"39","Micrometrus minimus","China_Camp",0.011158917568242,0.011158917568242,0,0,"eDNA.Detected.Only","eDNA.Detected.Only",3.64718048858701,19.5,"eDNA.Detected","Seine.Detected"
"40","Micrometrus minimus","Christy",0.251328762913761,0.251328762913761,5.5,2.12132034355964,"Both.Detected","Matching",3.64718048858701,19.5,"eDNA.Detected","Seine.Detected"
"41","Micrometrus minimus","Coches",0,0,0,0,"Both.Missed","Matching",3.64718048858701,19.5,"eDNA.Detected","Seine.Detected"
"42","Micrometrus minimus","Cuylers_Harbor",0.132360283376824,0.132360283376824,0,0,"eDNA.Detected.Only","eDNA.Detected.Only",3.64718048858701,19.5,"eDNA.Detected","Seine.Detected"
"43","Micrometrus minimus","Dangermond",0.249930569100356,0.249930569100356,0,0,"eDNA.Detected.Only","eDNA.Detected.Only",3.64718048858701,19.5,"eDNA.Detected","Seine.Detected"
"44","Micrometrus minimus","Emerald_Bay",0,0,0,0,"Both.Missed","Matching",3.64718048858701,19.5,"eDNA.Detected","Seine.Detected"
"45","Micrometrus minimus","Ford_Pt",1,1,0,0,"eDNA.Detected.Only","eDNA.Detected.Only",3.64718048858701,19.5,"eDNA.Detected","Seine.Detected"
"46","Micrometrus minimus","Forney",0.239846385365767,0.239846385365767,9,8.48528137423857,"Both.Detected","Matching",3.64718048858701,19.5,"eDNA.Detected","Seine.Detected"
"47","Micrometrus minimus","Little_Harbor",0.257881621516485,0.257881621516485,1,0,"Both.Detected","Matching",3.64718048858701,19.5,"eDNA.Detected","Seine.Detected"
"48","Micrometrus minimus","R_Beach",0.0858166863554456,0.0858166863554456,0,0,"eDNA.Detected.Only","eDNA.Detected.Only",3.64718048858701,19.5,"eDNA.Detected","Seine.Detected"
"49","Micrometrus minimus","Sandy_Point",0.9231496413245,0.9231496413245,0,0,"eDNA.Detected.Only","eDNA.Detected.Only",3.64718048858701,19.5,"eDNA.Detected","Seine.Detected"
"50","Micrometrus minimus","Santa_Claus",0,0,0,0,"Both.Missed","Matching",3.64718048858701,19.5,"eDNA.Detected","Seine.Detected"
"51","Micrometrus minimus","Santa_Monica",0,0,1,0,"Seine.Detected.Only","Seine.Detected.Only",3.64718048858701,19.5,"eDNA.Detected","Seine.Detected"
"52","Micrometrus minimus","Soledad",0.257325893423851,0.257325893423851,0,0,"eDNA.Detected.Only","eDNA.Detected.Only",3.64718048858701,19.5,"eDNA.Detected","Seine.Detected"
"53","Micrometrus minimus","Southeast_Anchorage",0,0,0,0,"Both.Missed","Matching",3.64718048858701,19.5,"eDNA.Detected","Seine.Detected"
"54","Micrometrus minimus","Water_Canyon",0.0209846546109263,0.0209846546109263,1,0,"Both.Detected","Matching",3.64718048858701,19.5,"eDNA.Detected","Seine.Detected"
"55","Menticirrhus undulatus","Bechers",0.899857689565595,0.899857689565595,0,0,"eDNA.Detected.Only","eDNA.Detected.Only",4.09130480378813,25.4166666666667,"eDNA.Detected","Seine.Detected"
"56","Menticirrhus undulatus","Ben_Weston",0.159365701779368,0.159365701779368,1.66666666666667,1.15470053837925,"Both.Detected","Matching",4.09130480378813,25.4166666666667,"eDNA.Detected","Seine.Detected"
"57","Menticirrhus undulatus","China_Camp",0,0,0,0,"Both.Missed","Matching",4.09130480378813,25.4166666666667,"eDNA.Detected","Seine.Detected"
"58","Menticirrhus undulatus","Christy",0.317642464729838,0.317642464729838,0,0,"eDNA.Detected.Only","eDNA.Detected.Only",4.09130480378813,25.4166666666667,"eDNA.Detected","Seine.Detected"
"59","Menticirrhus undulatus","Coches",0,0,0,0,"Both.Missed","Matching",4.09130480378813,25.4166666666667,"eDNA.Detected","Seine.Detected"
"60","Menticirrhus undulatus","Cuylers_Harbor",0,0,0,0,"Both.Missed","Matching",4.09130480378813,25.4166666666667,"eDNA.Detected","Seine.Detected"
"61","Menticirrhus undulatus","Dangermond",0.183363414660908,0.183363414660908,0,0,"eDNA.Detected.Only","eDNA.Detected.Only",4.09130480378813,25.4166666666667,"eDNA.Detected","Seine.Detected"
"62","Menticirrhus undulatus","Emerald_Bay",0,0,0,0,"Both.Missed","Matching",4.09130480378813,25.4166666666667,"eDNA.Detected","Seine.Detected"
"63","Menticirrhus undulatus","Ford_Pt",0,0,0,0,"Both.Missed","Matching",4.09130480378813,25.4166666666667,"eDNA.Detected","Seine.Detected"
"64","Menticirrhus undulatus","Forney",0,0,0,0,"Both.Missed","Matching",4.09130480378813,25.4166666666667,"eDNA.Detected","Seine.Detected"
"65","Menticirrhus undulatus","Little_Harbor",0.0430389953134063,0.0430389953134063,0,0,"eDNA.Detected.Only","eDNA.Detected.Only",4.09130480378813,25.4166666666667,"eDNA.Detected","Seine.Detected"
"66","Menticirrhus undulatus","R_Beach",0.442319121500734,0.442319121500734,3.66666666666667,2.3094010767585,"Both.Detected","Matching",4.09130480378813,25.4166666666667,"eDNA.Detected","Seine.Detected"
"67","Menticirrhus undulatus","Sandy_Point",0,0,0,0,"Both.Missed","Matching",4.09130480378813,25.4166666666667,"eDNA.Detected","Seine.Detected"
"68","Menticirrhus undulatus","Santa_Claus",0.758366108072896,0.758366108072896,3.33333333333333,0.577350269189626,"Both.Detected","Matching",4.09130480378813,25.4166666666667,"eDNA.Detected","Seine.Detected"
"69","Menticirrhus undulatus","Santa_Monica",1,1,16.75,16.4595463687997,"Both.Detected","Matching",4.09130480378813,25.4166666666667,"eDNA.Detected","Seine.Detected"
"70","Menticirrhus undulatus","Soledad",0,0,0,0,"Both.Missed","Matching",4.09130480378813,25.4166666666667,"eDNA.Detected","Seine.Detected"
"71","Menticirrhus undulatus","Southeast_Anchorage",0,0,0,0,"Both.Missed","Matching",4.09130480378813,25.4166666666667,"eDNA.Detected","Seine.Detected"
"72","Menticirrhus undulatus","Water_Canyon",0.287351308165389,0.287351308165389,0,0,"eDNA.Detected.Only","eDNA.Detected.Only",4.09130480378813,25.4166666666667,"eDNA.Detected","Seine.Detected"
"73","Atherinops affinis","Bechers",0.90602931896524,0.90602931896524,15,0,"Both.Detected","Matching",7.95373832327901,77.75,"eDNA.Detected","Seine.Detected"
"74","Atherinops affinis","Ben_Weston",0.532624616420831,0.532624616420831,0,0,"eDNA.Detected.Only","eDNA.Detected.Only",7.95373832327901,77.75,"eDNA.Detected","Seine.Detected"
"75","Atherinops affinis","China_Camp",0.121464256463438,0.121464256463438,0,0,"eDNA.Detected.Only","eDNA.Detected.Only",7.95373832327901,77.75,"eDNA.Detected","Seine.Detected"
"76","Atherinops affinis","Christy",0.687875089890665,0.687875089890665,14,14.142135623731,"Both.Detected","Matching",7.95373832327901,77.75,"eDNA.Detected","Seine.Detected"
"77","Atherinops affinis","Coches",0.593690240330928,0.593690240330928,8.5,2.51661147842358,"Both.Detected","Matching",7.95373832327901,77.75,"eDNA.Detected","Seine.Detected"
"78","Atherinops affinis","Cuylers_Harbor",0.489569507153902,0.489569507153902,1.5,0.707106781186548,"Both.Detected","Matching",7.95373832327901,77.75,"eDNA.Detected","Seine.Detected"
"79","Atherinops affinis","Dangermond",0.193545824011775,0.193545824011775,0,0,"eDNA.Detected.Only","eDNA.Detected.Only",7.95373832327901,77.75,"eDNA.Detected","Seine.Detected"
"80","Atherinops affinis","Emerald_Bay",0.354106219991525,0.354106219991525,3.5,2.12132034355964,"Both.Detected","Matching",7.95373832327901,77.75,"eDNA.Detected","Seine.Detected"
"81","Atherinops affinis","Ford_Pt",0.013783239256284,0.013783239256284,2.33333333333333,1.15470053837925,"Both.Detected","Matching",7.95373832327901,77.75,"eDNA.Detected","Seine.Detected"
"82","Atherinops affinis","Forney",0.0808282012415655,0.0808282012415655,0,0,"eDNA.Detected.Only","eDNA.Detected.Only",7.95373832327901,77.75,"eDNA.Detected","Seine.Detected"
"83","Atherinops affinis","Little_Harbor",0.447958666560131,0.447958666560131,23.75,11.4709778717132,"Both.Detected","Matching",7.95373832327901,77.75,"eDNA.Detected","Seine.Detected"
"84","Atherinops affinis","R_Beach",0.28891530318141,0.28891530318141,1,0,"Both.Detected","Matching",7.95373832327901,77.75,"eDNA.Detected","Seine.Detected"
"85","Atherinops affinis","Sandy_Point",0.551357332064733,0.551357332064733,0,0,"eDNA.Detected.Only","eDNA.Detected.Only",7.95373832327901,77.75,"eDNA.Detected","Seine.Detected"
"86","Atherinops affinis","Santa_Claus",0.455610697380885,0.455610697380885,1.33333333333333,0.577350269189626,"Both.Detected","Matching",7.95373832327901,77.75,"eDNA.Detected","Seine.Detected"
"87","Atherinops affinis","Santa_Monica",1,1,4.33333333333333,4.93288286231625,"Both.Detected","Matching",7.95373832327901,77.75,"eDNA.Detected","Seine.Detected"
"88","Atherinops affinis","Soledad",0.0858058047579631,0.0858058047579631,0,0,"eDNA.Detected.Only","eDNA.Detected.Only",7.95373832327901,77.75,"eDNA.Detected","Seine.Detected"
"89","Atherinops affinis","Southeast_Anchorage",0.801628125761268,0.801628125761268,0,0,"eDNA.Detected.Only","eDNA.Detected.Only",7.95373832327901,77.75,"eDNA.Detected","Seine.Detected"
"90","Atherinops affinis","Water_Canyon",0.348945879846468,0.348945879846468,2.5,0.707106781186548,"Both.Detected","Matching",7.95373832327901,77.75,"eDNA.Detected","Seine.Detected"
"91","Leuresthes tenuis","Bechers",0.130753892336569,0.130753892336569,7.33333333333333,10.1159939369957,"Both.Detected","Matching",4.2822836177058,15.8333333333333,"eDNA.Detected","Seine.Detected"
"92","Leuresthes tenuis","Ben_Weston",0.428811970592848,0.428811970592848,0,0,"eDNA.Detected.Only","eDNA.Detected.Only",4.2822836177058,15.8333333333333,"eDNA.Detected","Seine.Detected"
"93","Leuresthes tenuis","China_Camp",0,0,0,0,"Both.Missed","Matching",4.2822836177058,15.8333333333333,"eDNA.Detected","Seine.Detected"
"94","Leuresthes tenuis","Christy",0.954175077024968,0.954175077024968,0,0,"eDNA.Detected.Only","eDNA.Detected.Only",4.2822836177058,15.8333333333333,"eDNA.Detected","Seine.Detected"
"95","Leuresthes tenuis","Coches",0.310271303457405,0.310271303457405,1,0,"Both.Detected","Matching",4.2822836177058,15.8333333333333,"eDNA.Detected","Seine.Detected"
"96","Leuresthes tenuis","Cuylers_Harbor",0.0704085682168807,0.0704085682168807,0,0,"eDNA.Detected.Only","eDNA.Detected.Only",4.2822836177058,15.8333333333333,"eDNA.Detected","Seine.Detected"
"97","Leuresthes tenuis","Dangermond",0.435091003694048,0.435091003694048,0,0,"eDNA.Detected.Only","eDNA.Detected.Only",4.2822836177058,15.8333333333333,"eDNA.Detected","Seine.Detected"
"98","Leuresthes tenuis","Emerald_Bay",0.125619854120832,0.125619854120832,0,0,"eDNA.Detected.Only","eDNA.Detected.Only",4.2822836177058,15.8333333333333,"eDNA.Detected","Seine.Detected"
"99","Leuresthes tenuis","Ford_Pt",0,0,0,0,"Both.Missed","Matching",4.2822836177058,15.8333333333333,"eDNA.Detected","Seine.Detected"
"100","Leuresthes tenuis","Forney",0.302843406531032,0.302843406531032,0,0,"eDNA.Detected.Only","eDNA.Detected.Only",4.2822836177058,15.8333333333333,"eDNA.Detected","Seine.Detected"
"101","Leuresthes tenuis","Little_Harbor",0.0378969505470754,0.0378969505470754,0,0,"eDNA.Detected.Only","eDNA.Detected.Only",4.2822836177058,15.8333333333333,"eDNA.Detected","Seine.Detected"
"102","Leuresthes tenuis","R_Beach",0.0822413404969309,0.0822413404969309,0,0,"eDNA.Detected.Only","eDNA.Detected.Only",4.2822836177058,15.8333333333333,"eDNA.Detected","Seine.Detected"
"103","Leuresthes tenuis","Sandy_Point",0,0,0,0,"Both.Missed","Matching",4.2822836177058,15.8333333333333,"eDNA.Detected","Seine.Detected"
"104","Leuresthes tenuis","Santa_Claus",1,1,0,0,"eDNA.Detected.Only","eDNA.Detected.Only",4.2822836177058,15.8333333333333,"eDNA.Detected","Seine.Detected"
"105","Leuresthes tenuis","Santa_Monica",0.00588975660915181,0.00588975660915181,0,0,"eDNA.Detected.Only","eDNA.Detected.Only",4.2822836177058,15.8333333333333,"eDNA.Detected","Seine.Detected"
"106","Leuresthes tenuis","Soledad",0.0452342648452193,0.0452342648452193,0,0,"eDNA.Detected.Only","eDNA.Detected.Only",4.2822836177058,15.8333333333333,"eDNA.Detected","Seine.Detected"
"107","Leuresthes tenuis","Southeast_Anchorage",0,0,1,0,"Seine.Detected.Only","Seine.Detected.Only",4.2822836177058,15.8333333333333,"eDNA.Detected","Seine.Detected"
"108","Leuresthes tenuis","Water_Canyon",0.353046229232837,0.353046229232837,6.5,6.36396103067893,"Both.Detected","Matching",4.2822836177058,15.8333333333333,"eDNA.Detected","Seine.Detected"
"109","Heterostichus rostratus","Bechers",0.315931484797855,0.315931484797855,0,0,"eDNA.Detected.Only","eDNA.Detected.Only",7.70257869331018,5,"eDNA.Detected","Seine.Detected"
"110","Heterostichus rostratus","Ben_Weston",0.280555650903839,0.280555650903839,0,0,"eDNA.Detected.Only","eDNA.Detected.Only",7.70257869331018,5,"eDNA.Detected","Seine.Detected"
"111","Heterostichus rostratus","China_Camp",1,1,0,0,"eDNA.Detected.Only","eDNA.Detected.Only",7.70257869331018,5,"eDNA.Detected","Seine.Detected"
"112","Heterostichus rostratus","Christy",0,0,1,0,"Seine.Detected.Only","Seine.Detected.Only",7.70257869331018,5,"eDNA.Detected","Seine.Detected"
"113","Heterostichus rostratus","Coches",0.335281065251498,0.335281065251498,0,0,"eDNA.Detected.Only","eDNA.Detected.Only",7.70257869331018,5,"eDNA.Detected","Seine.Detected"
"114","Heterostichus rostratus","Cuylers_Harbor",0.252631533938669,0.252631533938669,0,0,"eDNA.Detected.Only","eDNA.Detected.Only",7.70257869331018,5,"eDNA.Detected","Seine.Detected"
"115","Heterostichus rostratus","Dangermond",0.311898142557227,0.311898142557227,0,0,"eDNA.Detected.Only","eDNA.Detected.Only",7.70257869331018,5,"eDNA.Detected","Seine.Detected"
"116","Heterostichus rostratus","Emerald_Bay",0.208116278678714,0.208116278678714,0,0,"eDNA.Detected.Only","eDNA.Detected.Only",7.70257869331018,5,"eDNA.Detected","Seine.Detected"
"117","Heterostichus rostratus","Ford_Pt",0.561498531494468,0.561498531494468,0,0,"eDNA.Detected.Only","eDNA.Detected.Only",7.70257869331018,5,"eDNA.Detected","Seine.Detected"
"118","Heterostichus rostratus","Forney",0.989043163995447,0.989043163995447,0,0,"eDNA.Detected.Only","eDNA.Detected.Only",7.70257869331018,5,"eDNA.Detected","Seine.Detected"
"119","Heterostichus rostratus","Little_Harbor",0.935366855926808,0.935366855926808,4,4.24264068711928,"Both.Detected","Matching",7.70257869331018,5,"eDNA.Detected","Seine.Detected"
"120","Heterostichus rostratus","R_Beach",0.687274138147926,0.687274138147926,0,0,"eDNA.Detected.Only","eDNA.Detected.Only",7.70257869331018,5,"eDNA.Detected","Seine.Detected"
"121","Heterostichus rostratus","Sandy_Point",0.382211392345416,0.382211392345416,0,0,"eDNA.Detected.Only","eDNA.Detected.Only",7.70257869331018,5,"eDNA.Detected","Seine.Detected"
"122","Heterostichus rostratus","Santa_Claus",0.545452428419674,0.545452428419674,0,0,"eDNA.Detected.Only","eDNA.Detected.Only",7.70257869331018,5,"eDNA.Detected","Seine.Detected"
"123","Heterostichus rostratus","Santa_Monica",0.0714618853784428,0.0714618853784428,0,0,"eDNA.Detected.Only","eDNA.Detected.Only",7.70257869331018,5,"eDNA.Detected","Seine.Detected"
"124","Heterostichus rostratus","Soledad",0.319833293875147,0.319833293875147,0,0,"eDNA.Detected.Only","eDNA.Detected.Only",7.70257869331018,5,"eDNA.Detected","Seine.Detected"
"125","Heterostichus rostratus","Southeast_Anchorage",0,0,0,0,"Both.Missed","Matching",7.70257869331018,5,"eDNA.Detected","Seine.Detected"
"126","Heterostichus rostratus","Water_Canyon",0.506022847599054,0.506022847599054,0,0,"eDNA.Detected.Only","eDNA.Detected.Only",7.70257869331018,5,"eDNA.Detected","Seine.Detected"
"127","Sardinops sagax","Bechers",0.0537051177526833,0.0537051177526833,0,0,"eDNA.Detected.Only","eDNA.Detected.Only",2.5310210537316,7,"eDNA.Detected","Seine.Detected"
"128","Sardinops sagax","Ben_Weston",0.0306002758978662,0.0306002758978662,0,0,"eDNA.Detected.Only","eDNA.Detected.Only",2.5310210537316,7,"eDNA.Detected","Seine.Detected"
"129","Sardinops sagax","China_Camp",0,0,0,0,"Both.Missed","Matching",2.5310210537316,7,"eDNA.Detected","Seine.Detected"
"130","Sardinops sagax","Christy",0,0,0,0,"Both.Missed","Matching",2.5310210537316,7,"eDNA.Detected","Seine.Detected"
"131","Sardinops sagax","Coches",0.0462884737948222,0.0462884737948222,0,0,"eDNA.Detected.Only","eDNA.Detected.Only",2.5310210537316,7,"eDNA.Detected","Seine.Detected"
"132","Sardinops sagax","Cuylers_Harbor",0.191671742048981,0.191671742048981,7,0,"Both.Detected","Matching",2.5310210537316,7,"eDNA.Detected","Seine.Detected"
"133","Sardinops sagax","Dangermond",0.145455915398813,0.145455915398813,0,0,"eDNA.Detected.Only","eDNA.Detected.Only",2.5310210537316,7,"eDNA.Detected","Seine.Detected"
"134","Sardinops sagax","Emerald_Bay",0.0490956017414838,0.0490956017414838,0,0,"eDNA.Detected.Only","eDNA.Detected.Only",2.5310210537316,7,"eDNA.Detected","Seine.Detected"
"135","Sardinops sagax","Ford_Pt",1,1,0,0,"eDNA.Detected.Only","eDNA.Detected.Only",2.5310210537316,7,"eDNA.Detected","Seine.Detected"
"136","Sardinops sagax","Forney",0.146289205663126,0.146289205663126,0,0,"eDNA.Detected.Only","eDNA.Detected.Only",2.5310210537316,7,"eDNA.Detected","Seine.Detected"
"137","Sardinops sagax","Little_Harbor",0,0,0,0,"Both.Missed","Matching",2.5310210537316,7,"eDNA.Detected","Seine.Detected"
"138","Sardinops sagax","R_Beach",0.0779609314315934,0.0779609314315934,0,0,"eDNA.Detected.Only","eDNA.Detected.Only",2.5310210537316,7,"eDNA.Detected","Seine.Detected"
"139","Sardinops sagax","Sandy_Point",0,0,0,0,"Both.Missed","Matching",2.5310210537316,7,"eDNA.Detected","Seine.Detected"
"140","Sardinops sagax","Santa_Claus",0.318842628701709,0.318842628701709,0,0,"eDNA.Detected.Only","eDNA.Detected.Only",2.5310210537316,7,"eDNA.Detected","Seine.Detected"
"141","Sardinops sagax","Santa_Monica",0.253003201520405,0.253003201520405,0,0,"eDNA.Detected.Only","eDNA.Detected.Only",2.5310210537316,7,"eDNA.Detected","Seine.Detected"
"142","Sardinops sagax","Soledad",0,0,0,0,"Both.Missed","Matching",2.5310210537316,7,"eDNA.Detected","Seine.Detected"
"143","Sardinops sagax","Southeast_Anchorage",0.188279727534938,0.188279727534938,0,0,"eDNA.Detected.Only","eDNA.Detected.Only",2.5310210537316,7,"eDNA.Detected","Seine.Detected"
"144","Sardinops sagax","Water_Canyon",0.0298282322451754,0.0298282322451754,0,0,"eDNA.Detected.Only","eDNA.Detected.Only",2.5310210537316,7,"eDNA.Detected","Seine.Detected"
"145","Engraulis mordax","Bechers",0.118872952128563,0.118872952128563,1,0,"Both.Detected","Matching",6.3461358580438,4,"eDNA.Detected","Seine.Detected"
"146","Engraulis mordax","Ben_Weston",0.143531203311552,0.143531203311552,0,0,"eDNA.Detected.Only","eDNA.Detected.Only",6.3461358580438,4,"eDNA.Detected","Seine.Detected"
"147","Engraulis mordax","China_Camp",0.201818762588001,0.201818762588001,0,0,"eDNA.Detected.Only","eDNA.Detected.Only",6.3461358580438,4,"eDNA.Detected","Seine.Detected"
"148","Engraulis mordax","Christy",0.481370275740934,0.481370275740934,0,0,"eDNA.Detected.Only","eDNA.Detected.Only",6.3461358580438,4,"eDNA.Detected","Seine.Detected"
"149","Engraulis mordax","Coches",0.664992264609233,0.664992264609233,0,0,"eDNA.Detected.Only","eDNA.Detected.Only",6.3461358580438,4,"eDNA.Detected","Seine.Detected"
"150","Engraulis mordax","Cuylers_Harbor",0.365653287572586,0.365653287572586,1,0,"Both.Detected","Matching",6.3461358580438,4,"eDNA.Detected","Seine.Detected"
"151","Engraulis mordax","Dangermond",0.229221530291417,0.229221530291417,0,0,"eDNA.Detected.Only","eDNA.Detected.Only",6.3461358580438,4,"eDNA.Detected","Seine.Detected"
"152","Engraulis mordax","Emerald_Bay",1,1,0,0,"eDNA.Detected.Only","eDNA.Detected.Only",6.3461358580438,4,"eDNA.Detected","Seine.Detected"
"153","Engraulis mordax","Ford_Pt",0,0,0,0,"Both.Missed","Matching",6.3461358580438,4,"eDNA.Detected","Seine.Detected"
"154","Engraulis mordax","Forney",0.957266606853846,0.957266606853846,0,0,"eDNA.Detected.Only","eDNA.Detected.Only",6.3461358580438,4,"eDNA.Detected","Seine.Detected"
"155","Engraulis mordax","Little_Harbor",0.117603000613909,0.117603000613909,0,0,"eDNA.Detected.Only","eDNA.Detected.Only",6.3461358580438,4,"eDNA.Detected","Seine.Detected"
"156","Engraulis mordax","R_Beach",0.707424622771039,0.707424622771039,0,0,"eDNA.Detected.Only","eDNA.Detected.Only",6.3461358580438,4,"eDNA.Detected","Seine.Detected"
"157","Engraulis mordax","Sandy_Point",0,0,0,0,"Both.Missed","Matching",6.3461358580438,4,"eDNA.Detected","Seine.Detected"
"158","Engraulis mordax","Santa_Claus",0.382314513967867,0.382314513967867,0,0,"eDNA.Detected.Only","eDNA.Detected.Only",6.3461358580438,4,"eDNA.Detected","Seine.Detected"
"159","Engraulis mordax","Santa_Monica",0,0,0,0,"Both.Missed","Matching",6.3461358580438,4,"eDNA.Detected","Seine.Detected"
"160","Engraulis mordax","Soledad",0.265037358129873,0.265037358129873,0,0,"eDNA.Detected.Only","eDNA.Detected.Only",6.3461358580438,4,"eDNA.Detected","Seine.Detected"
"161","Engraulis mordax","Southeast_Anchorage",0.6356065169684,0.6356065169684,0,0,"eDNA.Detected.Only","eDNA.Detected.Only",6.3461358580438,4,"eDNA.Detected","Seine.Detected"
"162","Engraulis mordax","Water_Canyon",0.0754229624965838,0.0754229624965838,2,0,"Both.Detected","Matching",6.3461358580438,4,"eDNA.Detected","Seine.Detected"
"163","Halichoeres semicinctus","Bechers",0.200121991091847,0.200121991091847,0,0,"eDNA.Detected.Only","eDNA.Detected.Only",2.97868758206831,5,"eDNA.Detected","Seine.Detected"
"164","Halichoeres semicinctus","Ben_Weston",0.225374487903123,0.225374487903123,0,0,"eDNA.Detected.Only","eDNA.Detected.Only",2.97868758206831,5,"eDNA.Detected","Seine.Detected"
"165","Halichoeres semicinctus","China_Camp",0,0,0,0,"Both.Missed","Matching",2.97868758206831,5,"eDNA.Detected","Seine.Detected"
"166","Halichoeres semicinctus","Christy",0,0,0,0,"Both.Missed","Matching",2.97868758206831,5,"eDNA.Detected","Seine.Detected"
"167","Halichoeres semicinctus","Coches",0.186439553854652,0.186439553854652,0,0,"eDNA.Detected.Only","eDNA.Detected.Only",2.97868758206831,5,"eDNA.Detected","Seine.Detected"
"168","Halichoeres semicinctus","Cuylers_Harbor",0,0,0,0,"Both.Missed","Matching",2.97868758206831,5,"eDNA.Detected","Seine.Detected"
"169","Halichoeres semicinctus","Dangermond",0,0,0,0,"Both.Missed","Matching",2.97868758206831,5,"eDNA.Detected","Seine.Detected"
"170","Halichoeres semicinctus","Emerald_Bay",0.422233503348598,0.422233503348598,0,0,"eDNA.Detected.Only","eDNA.Detected.Only",2.97868758206831,5,"eDNA.Detected","Seine.Detected"
"171","Halichoeres semicinctus","Ford_Pt",0,0,0,0,"Both.Missed","Matching",2.97868758206831,5,"eDNA.Detected","Seine.Detected"
"172","Halichoeres semicinctus","Forney",0.000204533168463162,0.000204533168463162,0,0,"eDNA.Detected.Only","eDNA.Detected.Only",2.97868758206831,5,"eDNA.Detected","Seine.Detected"
"173","Halichoeres semicinctus","Little_Harbor",0.659793166906788,0.659793166906788,5,0,"Both.Detected","Matching",2.97868758206831,5,"eDNA.Detected","Seine.Detected"
"174","Halichoeres semicinctus","R_Beach",0.0805900692280545,0.0805900692280545,0,0,"eDNA.Detected.Only","eDNA.Detected.Only",2.97868758206831,5,"eDNA.Detected","Seine.Detected"
"175","Halichoeres semicinctus","Sandy_Point",0,0,0,0,"Both.Missed","Matching",2.97868758206831,5,"eDNA.Detected","Seine.Detected"
"176","Halichoeres semicinctus","Santa_Claus",0,0,0,0,"Both.Missed","Matching",2.97868758206831,5,"eDNA.Detected","Seine.Detected"
"177","Halichoeres semicinctus","Santa_Monica",1,1,0,0,"eDNA.Detected.Only","eDNA.Detected.Only",2.97868758206831,5,"eDNA.Detected","Seine.Detected"
"178","Halichoeres semicinctus","Soledad",0.203930276566786,0.203930276566786,0,0,"eDNA.Detected.Only","eDNA.Detected.Only",2.97868758206831,5,"eDNA.Detected","Seine.Detected"
"179","Halichoeres semicinctus","Southeast_Anchorage",0,0,0,0,"Both.Missed","Matching",2.97868758206831,5,"eDNA.Detected","Seine.Detected"
"180","Halichoeres semicinctus","Water_Canyon",0,0,0,0,"Both.Missed","Matching",2.97868758206831,5,"eDNA.Detected","Seine.Detected"
"181","Citharichthys stigmaeus","Bechers",0.392047303280515,0.392047303280515,0,0,"eDNA.Detected.Only","eDNA.Detected.Only",3.93010150069002,1,"eDNA.Detected","Seine.Detected"
"182","Citharichthys stigmaeus","Ben_Weston",0,0,0,0,"Both.Missed","Matching",3.93010150069002,1,"eDNA.Detected","Seine.Detected"
"183","Citharichthys stigmaeus","China_Camp",0.00247027312164583,0.00247027312164583,0,0,"eDNA.Detected.Only","eDNA.Detected.Only",3.93010150069002,1,"eDNA.Detected","Seine.Detected"
"184","Citharichthys stigmaeus","Christy",1,1,0,0,"eDNA.Detected.Only","eDNA.Detected.Only",3.93010150069002,1,"eDNA.Detected","Seine.Detected"
"185","Citharichthys stigmaeus","Coches",0.381734322006691,0.381734322006691,0,0,"eDNA.Detected.Only","eDNA.Detected.Only",3.93010150069002,1,"eDNA.Detected","Seine.Detected"
"186","Citharichthys stigmaeus","Cuylers_Harbor",0.25847995809223,0.25847995809223,0,0,"eDNA.Detected.Only","eDNA.Detected.Only",3.93010150069002,1,"eDNA.Detected","Seine.Detected"
"187","Citharichthys stigmaeus","Dangermond",0.551151955171955,0.551151955171955,0,0,"eDNA.Detected.Only","eDNA.Detected.Only",3.93010150069002,1,"eDNA.Detected","Seine.Detected"
"188","Citharichthys stigmaeus","Emerald_Bay",0,0,0,0,"Both.Missed","Matching",3.93010150069002,1,"eDNA.Detected","Seine.Detected"
"189","Citharichthys stigmaeus","Ford_Pt",0,0,0,0,"Both.Missed","Matching",3.93010150069002,1,"eDNA.Detected","Seine.Detected"
"190","Citharichthys stigmaeus","Forney",0.0807999938212945,0.0807999938212945,0,0,"eDNA.Detected.Only","eDNA.Detected.Only",3.93010150069002,1,"eDNA.Detected","Seine.Detected"
"191","Citharichthys stigmaeus","Little_Harbor",0,0,0,0,"Both.Missed","Matching",3.93010150069002,1,"eDNA.Detected","Seine.Detected"
"192","Citharichthys stigmaeus","R_Beach",0.111018525624411,0.111018525624411,0,0,"eDNA.Detected.Only","eDNA.Detected.Only",3.93010150069002,1,"eDNA.Detected","Seine.Detected"
"193","Citharichthys stigmaeus","Sandy_Point",0.350603989412501,0.350603989412501,0,0,"eDNA.Detected.Only","eDNA.Detected.Only",3.93010150069002,1,"eDNA.Detected","Seine.Detected"
"194","Citharichthys stigmaeus","Santa_Claus",0.0823986845951572,0.0823986845951572,0,0,"eDNA.Detected.Only","eDNA.Detected.Only",3.93010150069002,1,"eDNA.Detected","Seine.Detected"
"195","Citharichthys stigmaeus","Santa_Monica",0,0,0,0,"Both.Missed","Matching",3.93010150069002,1,"eDNA.Detected","Seine.Detected"
"196","Citharichthys stigmaeus","Soledad",0.0124814005371545,0.0124814005371545,0,0,"eDNA.Detected.Only","eDNA.Detected.Only",3.93010150069002,1,"eDNA.Detected","Seine.Detected"
"197","Citharichthys stigmaeus","Southeast_Anchorage",0,0,0,0,"Both.Missed","Matching",3.93010150069002,1,"eDNA.Detected","Seine.Detected"
"198","Citharichthys stigmaeus","Water_Canyon",0.70691509502646,0.70691509502646,1,0,"Both.Detected","Matching",3.93010150069002,1,"eDNA.Detected","Seine.Detected"
"199","Myliobatis californica","Bechers",0.759928317216296,0.759928317216296,0,0,"eDNA.Detected.Only","eDNA.Detected.Only",6.03793342920823,1,"eDNA.Detected","Seine.Detected"
"200","Myliobatis californica","Ben_Weston",0,0,0,0,"Both.Missed","Matching",6.03793342920823,1,"eDNA.Detected","Seine.Detected"
"201","Myliobatis californica","China_Camp",0.322258307600281,0.322258307600281,0,0,"eDNA.Detected.Only","eDNA.Detected.Only",6.03793342920823,1,"eDNA.Detected","Seine.Detected"
"202","Myliobatis californica","Christy",0.665520256444104,0.665520256444104,0,0,"eDNA.Detected.Only","eDNA.Detected.Only",6.03793342920823,1,"eDNA.Detected","Seine.Detected"
"203","Myliobatis californica","Coches",0.190723405786035,0.190723405786035,0,0,"eDNA.Detected.Only","eDNA.Detected.Only",6.03793342920823,1,"eDNA.Detected","Seine.Detected"
"204","Myliobatis californica","Cuylers_Harbor",0.307364324946252,0.307364324946252,0,0,"eDNA.Detected.Only","eDNA.Detected.Only",6.03793342920823,1,"eDNA.Detected","Seine.Detected"
"205","Myliobatis californica","Dangermond",0.288819519861283,0.288819519861283,0,0,"eDNA.Detected.Only","eDNA.Detected.Only",6.03793342920823,1,"eDNA.Detected","Seine.Detected"
"206","Myliobatis californica","Emerald_Bay",0.194712501871378,0.194712501871378,0,0,"eDNA.Detected.Only","eDNA.Detected.Only",6.03793342920823,1,"eDNA.Detected","Seine.Detected"
"207","Myliobatis californica","Ford_Pt",0.164036084793538,0.164036084793538,0,0,"eDNA.Detected.Only","eDNA.Detected.Only",6.03793342920823,1,"eDNA.Detected","Seine.Detected"
"208","Myliobatis californica","Forney",0.0522332939600777,0.0522332939600777,0,0,"eDNA.Detected.Only","eDNA.Detected.Only",6.03793342920823,1,"eDNA.Detected","Seine.Detected"
"209","Myliobatis californica","Little_Harbor",0.282851122478173,0.282851122478173,0,0,"eDNA.Detected.Only","eDNA.Detected.Only",6.03793342920823,1,"eDNA.Detected","Seine.Detected"
"210","Myliobatis californica","R_Beach",0.076333107565937,0.076333107565937,0,0,"eDNA.Detected.Only","eDNA.Detected.Only",6.03793342920823,1,"eDNA.Detected","Seine.Detected"
"211","Myliobatis californica","Sandy_Point",0.0722304907170457,0.0722304907170457,0,0,"eDNA.Detected.Only","eDNA.Detected.Only",6.03793342920823,1,"eDNA.Detected","Seine.Detected"
"212","Myliobatis californica","Santa_Claus",0.413494374538756,0.413494374538756,1,0,"Both.Detected","Matching",6.03793342920823,1,"eDNA.Detected","Seine.Detected"
"213","Myliobatis californica","Santa_Monica",0.281153387291572,0.281153387291572,0,0,"eDNA.Detected.Only","eDNA.Detected.Only",6.03793342920823,1,"eDNA.Detected","Seine.Detected"
"214","Myliobatis californica","Soledad",0.725793483619962,0.725793483619962,0,0,"eDNA.Detected.Only","eDNA.Detected.Only",6.03793342920823,1,"eDNA.Detected","Seine.Detected"
"215","Myliobatis californica","Southeast_Anchorage",0.240481450517537,0.240481450517537,0,0,"eDNA.Detected.Only","eDNA.Detected.Only",6.03793342920823,1,"eDNA.Detected","Seine.Detected"
"216","Myliobatis californica","Water_Canyon",1,1,0,0,"eDNA.Detected.Only","eDNA.Detected.Only",6.03793342920823,1,"eDNA.Detected","Seine.Detected"
"217","Umbrina roncador","Bechers",0,0,0,0,"Both.Missed","Matching",1.65993601610913,53.5,"eDNA.Detected","Seine.Detected"
"218","Umbrina roncador","Ben_Weston",0.28140913053002,0.28140913053002,0,0,"eDNA.Detected.Only","eDNA.Detected.Only",1.65993601610913,53.5,"eDNA.Detected","Seine.Detected"
"219","Umbrina roncador","China_Camp",0,0,0,0,"Both.Missed","Matching",1.65993601610913,53.5,"eDNA.Detected","Seine.Detected"
"220","Umbrina roncador","Christy",0,0,0,0,"Both.Missed","Matching",1.65993601610913,53.5,"eDNA.Detected","Seine.Detected"
"221","Umbrina roncador","Coches",0.0385539131755722,0.0385539131755722,0,0,"eDNA.Detected.Only","eDNA.Detected.Only",1.65993601610913,53.5,"eDNA.Detected","Seine.Detected"
"222","Umbrina roncador","Cuylers_Harbor",0,0,0,0,"Both.Missed","Matching",1.65993601610913,53.5,"eDNA.Detected","Seine.Detected"
"223","Umbrina roncador","Dangermond",0,0,0,0,"Both.Missed","Matching",1.65993601610913,53.5,"eDNA.Detected","Seine.Detected"
"224","Umbrina roncador","Emerald_Bay",0.0777159480816871,0.0777159480816871,49,31.1126983722081,"Both.Detected","Matching",1.65993601610913,53.5,"eDNA.Detected","Seine.Detected"
"225","Umbrina roncador","Ford_Pt",0,0,0,0,"Both.Missed","Matching",1.65993601610913,53.5,"eDNA.Detected","Seine.Detected"
"226","Umbrina roncador","Forney",0,0,0,0,"Both.Missed","Matching",1.65993601610913,53.5,"eDNA.Detected","Seine.Detected"
"227","Umbrina roncador","Little_Harbor",0.0401874739082605,0.0401874739082605,0,0,"eDNA.Detected.Only","eDNA.Detected.Only",1.65993601610913,53.5,"eDNA.Detected","Seine.Detected"
"228","Umbrina roncador","R_Beach",0.0591762196657905,0.0591762196657905,0,0,"eDNA.Detected.Only","eDNA.Detected.Only",1.65993601610913,53.5,"eDNA.Detected","Seine.Detected"
"229","Umbrina roncador","Sandy_Point",0,0,0,0,"Both.Missed","Matching",1.65993601610913,53.5,"eDNA.Detected","Seine.Detected"
"230","Umbrina roncador","Santa_Claus",0.0612821544997678,0.0612821544997678,3.5,3.53553390593274,"Both.Detected","Matching",1.65993601610913,53.5,"eDNA.Detected","Seine.Detected"
"231","Umbrina roncador","Santa_Monica",1,1,1,0,"Both.Detected","Matching",1.65993601610913,53.5,"eDNA.Detected","Seine.Detected"
"232","Umbrina roncador","Soledad",0.0994099080787563,0.0994099080787563,0,0,"eDNA.Detected.Only","eDNA.Detected.Only",1.65993601610913,53.5,"eDNA.Detected","Seine.Detected"
"233","Umbrina roncador","Southeast_Anchorage",0,0,0,0,"Both.Missed","Matching",1.65993601610913,53.5,"eDNA.Detected","Seine.Detected"
"234","Umbrina roncador","Water_Canyon",0.0022012681692772,0.0022012681692772,0,0,"eDNA.Detected.Only","eDNA.Detected.Only",1.65993601610913,53.5,"eDNA.Detected","Seine.Detected"
"235","Anisotremus davidsonii","Bechers",0,0,0,0,"Both.Missed","Matching",1.75903079883067,5,"eDNA.Detected","Seine.Detected"
"236","Anisotremus davidsonii","Ben_Weston",0.0984301035724006,0.0984301035724006,0,0,"eDNA.Detected.Only","eDNA.Detected.Only",1.75903079883067,5,"eDNA.Detected","Seine.Detected"
"237","Anisotremus davidsonii","China_Camp",0,0,0,0,"Both.Missed","Matching",1.75903079883067,5,"eDNA.Detected","Seine.Detected"
"238","Anisotremus davidsonii","Christy",0,0,0,0,"Both.Missed","Matching",1.75903079883067,5,"eDNA.Detected","Seine.Detected"
"239","Anisotremus davidsonii","Coches",0.227673876568162,0.227673876568162,0,0,"eDNA.Detected.Only","eDNA.Detected.Only",1.75903079883067,5,"eDNA.Detected","Seine.Detected"
"240","Anisotremus davidsonii","Cuylers_Harbor",0,0,0,0,"Both.Missed","Matching",1.75903079883067,5,"eDNA.Detected","Seine.Detected"
"241","Anisotremus davidsonii","Dangermond",0,0,0,0,"Both.Missed","Matching",1.75903079883067,5,"eDNA.Detected","Seine.Detected"
"242","Anisotremus davidsonii","Emerald_Bay",0.174840806247,0.174840806247,0,0,"eDNA.Detected.Only","eDNA.Detected.Only",1.75903079883067,5,"eDNA.Detected","Seine.Detected"
"243","Anisotremus davidsonii","Ford_Pt",0,0,0,0,"Both.Missed","Matching",1.75903079883067,5,"eDNA.Detected","Seine.Detected"
"244","Anisotremus davidsonii","Forney",0,0,0,0,"Both.Missed","Matching",1.75903079883067,5,"eDNA.Detected","Seine.Detected"
"245","Anisotremus davidsonii","Little_Harbor",1,1,5,3.60555127546399,"Both.Detected","Matching",1.75903079883067,5,"eDNA.Detected","Seine.Detected"
"246","Anisotremus davidsonii","R_Beach",0.0668491518866024,0.0668491518866024,0,0,"eDNA.Detected.Only","eDNA.Detected.Only",1.75903079883067,5,"eDNA.Detected","Seine.Detected"
"247","Anisotremus davidsonii","Sandy_Point",0,0,0,0,"Both.Missed","Matching",1.75903079883067,5,"eDNA.Detected","Seine.Detected"
"248","Anisotremus davidsonii","Santa_Claus",0.174015918331091,0.174015918331091,0,0,"eDNA.Detected.Only","eDNA.Detected.Only",1.75903079883067,5,"eDNA.Detected","Seine.Detected"
"249","Anisotremus davidsonii","Santa_Monica",0.0172209422254142,0.0172209422254142,0,0,"eDNA.Detected.Only","eDNA.Detected.Only",1.75903079883067,5,"eDNA.Detected","Seine.Detected"
"250","Anisotremus davidsonii","Soledad",0,0,0,0,"Both.Missed","Matching",1.75903079883067,5,"eDNA.Detected","Seine.Detected"
"251","Anisotremus davidsonii","Southeast_Anchorage",0,0,0,0,"Both.Missed","Matching",1.75903079883067,5,"eDNA.Detected","Seine.Detected"
"252","Anisotremus davidsonii","Water_Canyon",0,0,0,0,"Both.Missed","Matching",1.75903079883067,5,"eDNA.Detected","Seine.Detected"
"253","Brachygenys californiensis","Bechers",0,0,0,0,"Both.Missed","Matching",1.62803032203153,23,"eDNA.Detected","Seine.Detected"
"254","Brachygenys californiensis","Ben_Weston",0.423345033028281,0.423345033028281,0,0,"eDNA.Detected.Only","eDNA.Detected.Only",1.62803032203153,23,"eDNA.Detected","Seine.Detected"
"255","Brachygenys californiensis","China_Camp",0,0,0,0,"Both.Missed","Matching",1.62803032203153,23,"eDNA.Detected","Seine.Detected"
"256","Brachygenys californiensis","Christy",0,0,0,0,"Both.Missed","Matching",1.62803032203153,23,"eDNA.Detected","Seine.Detected"
"257","Brachygenys californiensis","Coches",0.0854868372655138,0.0854868372655138,0,0,"eDNA.Detected.Only","eDNA.Detected.Only",1.62803032203153,23,"eDNA.Detected","Seine.Detected"
"258","Brachygenys californiensis","Cuylers_Harbor",0,0,0,0,"Both.Missed","Matching",1.62803032203153,23,"eDNA.Detected","Seine.Detected"
"259","Brachygenys californiensis","Dangermond",0,0,0,0,"Both.Missed","Matching",1.62803032203153,23,"eDNA.Detected","Seine.Detected"
"260","Brachygenys californiensis","Emerald_Bay",0.119198451737738,0.119198451737738,0,0,"eDNA.Detected.Only","eDNA.Detected.Only",1.62803032203153,23,"eDNA.Detected","Seine.Detected"
"261","Brachygenys californiensis","Ford_Pt",0,0,0,0,"Both.Missed","Matching",1.62803032203153,23,"eDNA.Detected","Seine.Detected"
"262","Brachygenys californiensis","Forney",0,0,0,0,"Both.Missed","Matching",1.62803032203153,23,"eDNA.Detected","Seine.Detected"
"263","Brachygenys californiensis","Little_Harbor",1,1,23,29.698484809835,"Both.Detected","Matching",1.62803032203153,23,"eDNA.Detected","Seine.Detected"
"264","Brachygenys californiensis","R_Beach",0,0,0,0,"Both.Missed","Matching",1.62803032203153,23,"eDNA.Detected","Seine.Detected"
"265","Brachygenys californiensis","Sandy_Point",0,0,0,0,"Both.Missed","Matching",1.62803032203153,23,"eDNA.Detected","Seine.Detected"
"266","Brachygenys californiensis","Santa_Claus",0,0,0,0,"Both.Missed","Matching",1.62803032203153,23,"eDNA.Detected","Seine.Detected"
"267","Brachygenys californiensis","Santa_Monica",0,0,0,0,"Both.Missed","Matching",1.62803032203153,23,"eDNA.Detected","Seine.Detected"
"268","Brachygenys californiensis","Soledad",0,0,0,0,"Both.Missed","Matching",1.62803032203153,23,"eDNA.Detected","Seine.Detected"
"269","Brachygenys californiensis","Southeast_Anchorage",0,0,0,0,"Both.Missed","Matching",1.62803032203153,23,"eDNA.Detected","Seine.Detected"
"270","Brachygenys californiensis","Water_Canyon",0,0,0,0,"Both.Missed","Matching",1.62803032203153,23,"eDNA.Detected","Seine.Detected"
"271","Triakis semifasciata","Bechers",0,0,0,0,"Both.Missed","Matching",6.17388584060393,3.5,"eDNA.Detected","Seine.Detected"
"272","Triakis semifasciata","Ben_Weston",0.137264708812677,0.137264708812677,0,0,"eDNA.Detected.Only","eDNA.Detected.Only",6.17388584060393,3.5,"eDNA.Detected","Seine.Detected"
"273","Triakis semifasciata","China_Camp",0,0,0,0,"Both.Missed","Matching",6.17388584060393,3.5,"eDNA.Detected","Seine.Detected"
"274","Triakis semifasciata","Christy",0.942374811515668,0.942374811515668,0,0,"eDNA.Detected.Only","eDNA.Detected.Only",6.17388584060393,3.5,"eDNA.Detected","Seine.Detected"
"275","Triakis semifasciata","Coches",0.139879070426154,0.139879070426154,0,0,"eDNA.Detected.Only","eDNA.Detected.Only",6.17388584060393,3.5,"eDNA.Detected","Seine.Detected"
"276","Triakis semifasciata","Cuylers_Harbor",0.683669126445649,0.683669126445649,0,0,"eDNA.Detected.Only","eDNA.Detected.Only",6.17388584060393,3.5,"eDNA.Detected","Seine.Detected"
"277","Triakis semifasciata","Dangermond",0.440046407090564,0.440046407090564,0,0,"eDNA.Detected.Only","eDNA.Detected.Only",6.17388584060393,3.5,"eDNA.Detected","Seine.Detected"
"278","Triakis semifasciata","Emerald_Bay",0.449361552453492,0.449361552453492,0,0,"eDNA.Detected.Only","eDNA.Detected.Only",6.17388584060393,3.5,"eDNA.Detected","Seine.Detected"
"279","Triakis semifasciata","Ford_Pt",0,0,0,0,"Both.Missed","Matching",6.17388584060393,3.5,"eDNA.Detected","Seine.Detected"
"280","Triakis semifasciata","Forney",0.0613651525725725,0.0613651525725725,0,0,"eDNA.Detected.Only","eDNA.Detected.Only",6.17388584060393,3.5,"eDNA.Detected","Seine.Detected"
"281","Triakis semifasciata","Little_Harbor",0.605613000303553,0.605613000303553,0,0,"eDNA.Detected.Only","eDNA.Detected.Only",6.17388584060393,3.5,"eDNA.Detected","Seine.Detected"
"282","Triakis semifasciata","R_Beach",0.408801985728891,0.408801985728891,1.5,0.707106781186548,"Both.Detected","Matching",6.17388584060393,3.5,"eDNA.Detected","Seine.Detected"
"283","Triakis semifasciata","Sandy_Point",0,0,0,0,"Both.Missed","Matching",6.17388584060393,3.5,"eDNA.Detected","Seine.Detected"
"284","Triakis semifasciata","Santa_Claus",0.922149766634622,0.922149766634622,1,0,"Both.Detected","Matching",6.17388584060393,3.5,"eDNA.Detected","Seine.Detected"
"285","Triakis semifasciata","Santa_Monica",0.165961629434708,0.165961629434708,1,0,"Both.Detected","Matching",6.17388584060393,3.5,"eDNA.Detected","Seine.Detected"
"286","Triakis semifasciata","Soledad",0.0782686288515279,0.0782686288515279,0,0,"eDNA.Detected.Only","eDNA.Detected.Only",6.17388584060393,3.5,"eDNA.Detected","Seine.Detected"
"287","Triakis semifasciata","Southeast_Anchorage",0.139130000333847,0.139130000333847,0,0,"eDNA.Detected.Only","eDNA.Detected.Only",6.17388584060393,3.5,"eDNA.Detected","Seine.Detected"
"288","Triakis semifasciata","Water_Canyon",1,1,0,0,"eDNA.Detected.Only","eDNA.Detected.Only",6.17388584060393,3.5,"eDNA.Detected","Seine.Detected"
"289","Urobatis halleri","Bechers",0,0,0,0,"Both.Missed","Matching",2.07282853583299,1,"eDNA.Detected","Seine.Detected"
"290","Urobatis halleri","Ben_Weston",0.539027449991638,0.539027449991638,0,0,"eDNA.Detected.Only","eDNA.Detected.Only",2.07282853583299,1,"eDNA.Detected","Seine.Detected"
"291","Urobatis halleri","China_Camp",0,0,0,0,"Both.Missed","Matching",2.07282853583299,1,"eDNA.Detected","Seine.Detected"
"292","Urobatis halleri","Christy",0,0,0,0,"Both.Missed","Matching",2.07282853583299,1,"eDNA.Detected","Seine.Detected"
"293","Urobatis halleri","Coches",0,0,0,0,"Both.Missed","Matching",2.07282853583299,1,"eDNA.Detected","Seine.Detected"
"294","Urobatis halleri","Cuylers_Harbor",0,0,0,0,"Both.Missed","Matching",2.07282853583299,1,"eDNA.Detected","Seine.Detected"
"295","Urobatis halleri","Dangermond",0,0,0,0,"Both.Missed","Matching",2.07282853583299,1,"eDNA.Detected","Seine.Detected"
"296","Urobatis halleri","Emerald_Bay",1,1,0,0,"eDNA.Detected.Only","eDNA.Detected.Only",2.07282853583299,1,"eDNA.Detected","Seine.Detected"
"297","Urobatis halleri","Ford_Pt",0,0,0,0,"Both.Missed","Matching",2.07282853583299,1,"eDNA.Detected","Seine.Detected"
"298","Urobatis halleri","Forney",0,0,0,0,"Both.Missed","Matching",2.07282853583299,1,"eDNA.Detected","Seine.Detected"
"299","Urobatis halleri","Little_Harbor",0.435284968571575,0.435284968571575,0,0,"eDNA.Detected.Only","eDNA.Detected.Only",2.07282853583299,1,"eDNA.Detected","Seine.Detected"
"300","Urobatis halleri","R_Beach",0.0985161172697814,0.0985161172697814,0,0,"eDNA.Detected.Only","eDNA.Detected.Only",2.07282853583299,1,"eDNA.Detected","Seine.Detected"
"301","Urobatis halleri","Sandy_Point",0,0,0,0,"Both.Missed","Matching",2.07282853583299,1,"eDNA.Detected","Seine.Detected"
"302","Urobatis halleri","Santa_Claus",0,0,0,0,"Both.Missed","Matching",2.07282853583299,1,"eDNA.Detected","Seine.Detected"
"303","Urobatis halleri","Santa_Monica",0,0,1,0,"Seine.Detected.Only","Seine.Detected.Only",2.07282853583299,1,"eDNA.Detected","Seine.Detected"
"304","Urobatis halleri","Soledad",0,0,0,0,"Both.Missed","Matching",2.07282853583299,1,"eDNA.Detected","Seine.Detected"
"305","Urobatis halleri","Southeast_Anchorage",0,0,0,0,"Both.Missed","Matching",2.07282853583299,1,"eDNA.Detected","Seine.Detected"
"306","Urobatis halleri","Water_Canyon",0,0,0,0,"Both.Missed","Matching",2.07282853583299,1,"eDNA.Detected","Seine.Detected"
"307","Paralichthys californicus","Bechers",0,0,0,0,"Both.Missed","Matching",2.98934415966318,1,"eDNA.Detected","Seine.Detected"
"308","Paralichthys californicus","Ben_Weston",0,0,0,0,"Both.Missed","Matching",2.98934415966318,1,"eDNA.Detected","Seine.Detected"
"309","Paralichthys californicus","China_Camp",0,0,0,0,"Both.Missed","Matching",2.98934415966318,1,"eDNA.Detected","Seine.Detected"
"310","Paralichthys californicus","Christy",0.750077504933963,0.750077504933963,0,0,"eDNA.Detected.Only","eDNA.Detected.Only",2.98934415966318,1,"eDNA.Detected","Seine.Detected"
"311","Paralichthys californicus","Coches",0,0,0,0,"Both.Missed","Matching",2.98934415966318,1,"eDNA.Detected","Seine.Detected"
"312","Paralichthys californicus","Cuylers_Harbor",0.0610999542835568,0.0610999542835568,0,0,"eDNA.Detected.Only","eDNA.Detected.Only",2.98934415966318,1,"eDNA.Detected","Seine.Detected"
"313","Paralichthys californicus","Dangermond",0,0,0,0,"Both.Missed","Matching",2.98934415966318,1,"eDNA.Detected","Seine.Detected"
"314","Paralichthys californicus","Emerald_Bay",0.422640665712289,0.422640665712289,1,0,"Both.Detected","Matching",2.98934415966318,1,"eDNA.Detected","Seine.Detected"
"315","Paralichthys californicus","Ford_Pt",0,0,0,0,"Both.Missed","Matching",2.98934415966318,1,"eDNA.Detected","Seine.Detected"
"316","Paralichthys californicus","Forney",1,1,0,0,"eDNA.Detected.Only","eDNA.Detected.Only",2.98934415966318,1,"eDNA.Detected","Seine.Detected"
"317","Paralichthys californicus","Little_Harbor",0.0998925640022163,0.0998925640022163,0,0,"eDNA.Detected.Only","eDNA.Detected.Only",2.98934415966318,1,"eDNA.Detected","Seine.Detected"
"318","Paralichthys californicus","R_Beach",0.172744373456526,0.172744373456526,0,0,"eDNA.Detected.Only","eDNA.Detected.Only",2.98934415966318,1,"eDNA.Detected","Seine.Detected"
"319","Paralichthys californicus","Sandy_Point",0,0,0,0,"Both.Missed","Matching",2.98934415966318,1,"eDNA.Detected","Seine.Detected"
"320","Paralichthys californicus","Santa_Claus",0.311448091272821,0.311448091272821,0,0,"eDNA.Detected.Only","eDNA.Detected.Only",2.98934415966318,1,"eDNA.Detected","Seine.Detected"
"321","Paralichthys californicus","Santa_Monica",0,0,0,0,"Both.Missed","Matching",2.98934415966318,1,"eDNA.Detected","Seine.Detected"
"322","Paralichthys californicus","Soledad",0,0,0,0,"Both.Missed","Matching",2.98934415966318,1,"eDNA.Detected","Seine.Detected"
"323","Paralichthys californicus","Southeast_Anchorage",0,0,0,0,"Both.Missed","Matching",2.98934415966318,1,"eDNA.Detected","Seine.Detected"
"324","Paralichthys californicus","Water_Canyon",0.171441006001809,0.171441006001809,0,0,"eDNA.Detected.Only","eDNA.Detected.Only",2.98934415966318,1,"eDNA.Detected","Seine.Detected"
"325","Seriphus politus","Bechers",0,0,0,0,"Both.Missed","Matching",3.80108498062647,23,"eDNA.Detected","Seine.Detected"
"326","Seriphus politus","Ben_Weston",0,0,0,0,"Both.Missed","Matching",3.80108498062647,23,"eDNA.Detected","Seine.Detected"
"327","Seriphus politus","China_Camp",0,0,0,0,"Both.Missed","Matching",3.80108498062647,23,"eDNA.Detected","Seine.Detected"
"328","Seriphus politus","Christy",0,0,0,0,"Both.Missed","Matching",3.80108498062647,23,"eDNA.Detected","Seine.Detected"
"329","Seriphus politus","Coches",0.140592354031075,0.140592354031075,0,0,"eDNA.Detected.Only","eDNA.Detected.Only",3.80108498062647,23,"eDNA.Detected","Seine.Detected"
"330","Seriphus politus","Cuylers_Harbor",0,0,0,0,"Both.Missed","Matching",3.80108498062647,23,"eDNA.Detected","Seine.Detected"
"331","Seriphus politus","Dangermond",0.342247283186476,0.342247283186476,0,0,"eDNA.Detected.Only","eDNA.Detected.Only",3.80108498062647,23,"eDNA.Detected","Seine.Detected"
"332","Seriphus politus","Emerald_Bay",0.344956226680261,0.344956226680261,23,12.7279220613579,"Both.Detected","Matching",3.80108498062647,23,"eDNA.Detected","Seine.Detected"
"333","Seriphus politus","Ford_Pt",0,0,0,0,"Both.Missed","Matching",3.80108498062647,23,"eDNA.Detected","Seine.Detected"
"334","Seriphus politus","Forney",0,0,0,0,"Both.Missed","Matching",3.80108498062647,23,"eDNA.Detected","Seine.Detected"
"335","Seriphus politus","Little_Harbor",0.482059826450365,0.482059826450365,0,0,"eDNA.Detected.Only","eDNA.Detected.Only",3.80108498062647,23,"eDNA.Detected","Seine.Detected"
"336","Seriphus politus","R_Beach",1,1,0,0,"eDNA.Detected.Only","eDNA.Detected.Only",3.80108498062647,23,"eDNA.Detected","Seine.Detected"
"337","Seriphus politus","Sandy_Point",0,0,0,0,"Both.Missed","Matching",3.80108498062647,23,"eDNA.Detected","Seine.Detected"
"338","Seriphus politus","Santa_Claus",0.556984266433595,0.556984266433595,0,0,"eDNA.Detected.Only","eDNA.Detected.Only",3.80108498062647,23,"eDNA.Detected","Seine.Detected"
"339","Seriphus politus","Santa_Monica",0,0,0,0,"Both.Missed","Matching",3.80108498062647,23,"eDNA.Detected","Seine.Detected"
"340","Seriphus politus","Soledad",0.352861875851855,0.352861875851855,0,0,"eDNA.Detected.Only","eDNA.Detected.Only",3.80108498062647,23,"eDNA.Detected","Seine.Detected"
"341","Seriphus politus","Southeast_Anchorage",0,0,0,0,"Both.Missed","Matching",3.80108498062647,23,"eDNA.Detected","Seine.Detected"
"342","Seriphus politus","Water_Canyon",0.58138314799284,0.58138314799284,0,0,"eDNA.Detected.Only","eDNA.Detected.Only",3.80108498062647,23,"eDNA.Detected","Seine.Detected"
