New_name,Location,Site,Site_Code,Bio_rep,Tech_rep,Sample_date,eDNA_label,Extraction_date,Volume,Sample_Control,Technical_rep,Control_Type,K,in_visuals,temp_2018,avg_temp_total
BBA_1,Santa_Rosa_Island,Bechers,BB,A,1,9_19_2018,BBA,9_27_2018,1100,Sample,BBA_1,NA,3,keep,16.68166629,15.3530389
BBA_2,Santa_Rosa_Island,Bechers,BB,A,2,9_19_2018,BBA,9_27_2018,1100,Sample,BBA_2,NA,3,keep,16.68166629,15.3530389
BBA_3,Santa_Rosa_Island,Bechers,BB,A,3,9_19_2018,BBA,9_27_2018,1100,Sample,BBA_3,NA,3,keep,16.68166629,15.3530389
BBB_1,Santa_Rosa_Island,Bechers,BB,B,1,9_19_2018,BBB,9_27_2018,100,Sample,BBB_1,NA,3,keep,16.68166629,15.3530389
BBB_2,Santa_Rosa_Island,Bechers,BB,B,2,9_19_2018,BBB,9_27_2018,100,Sample,BBB_2,NA,3,keep,16.68166629,15.3530389
BBB_3,Santa_Rosa_Island,Bechers,BB,B,3,9_19_2018,BBB,9_27_2018,100,Sample,BBB_3,NA,3,keep,16.68166629,15.3530389
BBC_1,Santa_Rosa_Island,Bechers,BB,C,1,9_19_2018,BBC,9_27_2018,1200,Sample,BBC_1,NA,3,keep,16.68166629,15.3530389
BBC_2,Santa_Rosa_Island,Bechers,BB,C,2,9_19_2018,BBC,9_27_2018,1200,Sample,BBC_2,NA,3,keep,16.68166629,15.3530389
BBC_3,Santa_Rosa_Island,Bechers,BB,C,3,9_19_2018,BBC,9_27_2018,1200,Sample,BBC_3,NA,3,keep,16.68166629,15.35303887
BWA_1,Santa_Catalina_Island,Ben_Weston,BW,A,1,10_20_2018,BWA,11_27_2018,1250,Sample,BWA_1,NA,3,keep,19.90749956,18.67308782
BWA_2,Santa_Catalina_Island,Ben_Weston,BW,A,2,10_20_2018,BWA,11_27_2018,1250,Sample,BWA_2,NA,3,keep,19.90749956,18.67308782
BWA_3,Santa_Catalina_Island,Ben_Weston,BW,A,3,10_20_2018,BWA,11_27_2018,1250,Sample,BWA_3,NA,3,keep,19.90749956,18.67308782
BWB_1,Santa_Catalina_Island,Ben_Weston,BW,B,1,10_20_2018,BWB,11_27_2018,1100,Sample,BWB_1,NA,3,keep,19.90749956,18.67308782
BWB_2,Santa_Catalina_Island,Ben_Weston,BW,B,2,10_20_2018,BWB,11_27_2018,1100,Sample,BWB_2,NA,3,keep,19.90749956,18.67308782
BWB_3,Santa_Catalina_Island,Ben_Weston,BW,B,3,10_20_2018,BWB,11_27_2018,1100,Sample,BWB_3,NA,3,keep,19.90749956,18.67308782
BWC_1,Santa_Catalina_Island,Ben_Weston,BW,C,1,10_20_2018,BWC,11_27_2018,1100,Sample,BWC_1,NA,3,keep,19.90749956,18.67308782
BWC_2,Santa_Catalina_Island,Ben_Weston,BW,C,2,10_20_2018,BWC,11_27_2018,1100,Sample,BWC_2,NA,3,keep,19.90749956,18.67308782
BWC_3,Santa_Catalina_Island,Ben_Weston,BW,C,3,10_20_2018,BWC,11_27_2018,1100,Sample,BWC_3,NA,3,keep,19.90749956,18.67308782
CBA_1,Santa_Cruz_Island,Christy,CB,A,1,8_26_2018,CBA,9_27_2018,1250,Sample,CBA_1,NA,3,keep,16.61499963,16.16470552
CBA_2,Santa_Cruz_Island,Christy,CB,A,2,8_26_2018,CBA,9_27_2018,1250,Sample,CBA_2,NA,3,keep,16.61499963,16.16470552
CBA_3,Santa_Cruz_Island,Christy,CB,A,3,8_26_2018,CBA,9_27_2018,1250,Sample,CBA_3,NA,3,keep,16.61499963,16.16470552
CBB_1,Santa_Cruz_Island,Christy,CB,B,1,8_26_2018,CBB,9_27_2018,1250,Sample,CBB_1,NA,3,keep,16.61499963,16.16470552
CBB_2,Santa_Cruz_Island,Christy,CB,B,2,8_26_2018,CBB,9_27_2018,1250,Sample,CBB_2,NA,3,keep,16.61499963,16.16470552
CBB_3,Santa_Cruz_Island,Christy,CB,B,3,8_26_2018,CBB,9_27_2018,1250,Sample,CBB_3,NA,3,keep,16.61499963,16.16470552
CBC_1,Santa_Cruz_Island,Christy,CB,C,1,8_26_2018,CBC,9_27_2018,1250,Sample,CBC_1,NA,3,keep,16.61499963,16.16470552
CBC_2,Santa_Cruz_Island,Christy,CB,C,2,8_26_2018,CBC,9_27_2018,1250,Sample,CBC_2,NA,3,keep,16.61499963,16.16470552
CBC_3,Santa_Cruz_Island,Christy,CB,C,3,8_26_2018,CBC,9_27_2018,1250,Sample,CBC_3,NA,3,keep,16.61499963,16.16470552
CCA_1,Santa_Rosa_Island,China_Camp,CC,A,1,9_12_2018,CCA,9_27_2018,1100,Sample,CCA_1,NA,3,keep,16.72999963,15.54767122
CCA_2,Santa_Rosa_Island,China_Camp,CC,A,2,9_12_2018,CCA,9_27_2018,1100,Sample,CCA_2,NA,3,keep,16.72999963,15.54767122
CCA_3,Santa_Rosa_Island,China_Camp,CC,A,3,9_12_2018,CCA,9_27_2018,1100,Sample,CCA_3,NA,3,keep,16.72999963,15.54767122
CCB_1,Santa_Rosa_Island,China_Camp,CC,B,1,9_12_2018,CCB,9_27_2018,1300,Sample,CCB_1,NA,3,keep,16.72999963,15.54767122
CCB_2,Santa_Rosa_Island,China_Camp,CC,B,2,9_12_2018,CCB,9_27_2018,1300,Sample,CCB_2,NA,3,keep,16.72999963,15.54767122
CCB_3,Santa_Rosa_Island,China_Camp,CC,B,3,9_12_2018,CCB,9_27_2018,1300,Sample,CCB_3,NA,3,keep,16.72999963,15.54767122
CCC_1,Santa_Rosa_Island,China_Camp,CC,C,1,9_12_2018,CCC,9_27_2018,1100,Sample,CCC_1,NA,3,keep,16.72999963,15.54767122
CCC_2,Santa_Rosa_Island,China_Camp,CC,C,2,9_12_2018,CCC,9_27_2018,1100,Sample,CCC_2,NA,3,keep,16.72999963,15.54767122
CCC_3,Santa_Rosa_Island,China_Camp,CC,C,3,9_12_2018,CCC,9_27_2018,1100,Sample,CCC_3,NA,3,keep,16.72999963,15.54767122
CHA_1,San_Miguel_Island,Cuylers_Harbor,CH,A,1,10_16_2018,CHA,11_27_2018,1250,Sample,CHA_1,NA,3,keep,16.20499964,14.76970555
CHA_2,San_Miguel_Island,Cuylers_Harbor,CH,A,2,10_16_2018,CHA,11_27_2018,1250,Sample,CHA_2,NA,3,keep,16.20499964,14.76970555
CHA_3,San_Miguel_Island,Cuylers_Harbor,CH,A,3,10_16_2018,CHA,11_27_2018,1250,Sample,CHA_3,NA,3,keep,16.20499964,14.76970555
CHB_1,San_Miguel_Island,Cuylers_Harbor,CH,B,1,10_16_2018,CHB,11_27_2018,1250,Sample,CHB_1,NA,3,keep,16.20499964,14.76970555
CHB_2,San_Miguel_Island,Cuylers_Harbor,CH,B,2,10_16_2018,CHB,11_27_2018,1250,Sample,CHB_2,NA,3,keep,16.20499964,14.76970555
CHB_3,San_Miguel_Island,Cuylers_Harbor,CH,B,3,10_16_2018,CHB,11_27_2018,1250,Sample,CHB_3,NA,3,keep,16.20499964,14.76970555
CHC_1,San_Miguel_Island,Cuylers_Harbor,CH,C,1,10_16_2018,CHC,11_27_2018,1250,Sample,CHC_1,NA,3,keep,16.20499964,14.76970555
CHC_2,San_Miguel_Island,Cuylers_Harbor,CH,C,2,10_16_2018,CHC,11_27_2018,1250,Sample,CHC_2,NA,3,keep,16.20499964,14.76970555
CHC_3,San_Miguel_Island,Cuylers_Harbor,CH,C,3,10_16_2018,CHC,11_27_2018,1250,Sample,CHC_3,NA,3,keep,16.20499964,14.76970555
CPA_1,Santa_Cruz_Island,Coches,CP,A,1,8_24_2018,CPA,9_27_2018,1250,Sample,CPA_1,NA,3,keep,20.69499954,17.58985255
CPA_2,Santa_Cruz_Island,Coches,CP,A,2,8_24_2018,CPA,9_27_2018,1250,Sample,CPA_2,NA,3,keep,20.69499954,17.58985255
CPA_3,Santa_Cruz_Island,Coches,CP,A,3,8_24_2018,CPA,9_27_2018,1250,Sample,CPA_3,NA,3,keep,20.69499954,17.58985255
CPB_1,Santa_Cruz_Island,Coches,CP,B,1,8_24_2018,CPB,9_27_2018,1250,Sample,CPB_1,NA,3,keep,20.69499954,17.58985255
CPB_2,Santa_Cruz_Island,Coches,CP,B,2,8_24_2018,CPB,9_27_2018,1250,Sample,CPB_2,NA,3,keep,20.69499954,17.58985255
CPB_3,Santa_Cruz_Island,Coches,CP,B,3,8_24_2018,CPB,9_27_2018,1250,Sample,CPB_3,NA,3,keep,20.69499954,17.58985255
CPC_1,Santa_Cruz_Island,Coches,CP,C,1,8_24_2018,CPC,9_27_2018,1250,Sample,CPC_1,NA,3,keep,20.69499954,17.58985255
CPC_2,Santa_Cruz_Island,Coches,CP,C,2,8_24_2018,CPC,9_27_2018,1250,Sample,CPC_2,NA,3,keep,20.69499954,17.58985255
CPC_3,Santa_Cruz_Island,Coches,CP,C,3,8_24_2018,CPC,9_27_2018,1250,Sample,CPC_3,NA,3,keep,20.69499954,17.58985255
DPA_1,Point_Concepcion,Dangermond,DP,A,1,11_2_2018,DPA,11_27_2018,1150,Sample,DPA_1,NA,3,no,15.44249965,15.34044083
DPA_2,Point_Concepcion,Dangermond,DP,A,2,11_2_2018,DPA,11_27_2018,1150,Sample,DPA_2,NA,3,no,15.44249965,15.34044083
DPA_3,Point_Concepcion,Dangermond,DP,A,3,11_2_2018,DPA,11_27_2018,1150,Sample,DPA_3,NA,3,no,15.44249965,15.34044083
DPB_1,Point_Concepcion,Dangermond,DP,B,1,11_2_2018,DPB,11_27_2018,750,Sample,DPB_1,NA,3,no,15.44249965,15.34044083
DPB_2,Point_Concepcion,Dangermond,DP,B,2,11_2_2018,DPB,11_27_2018,750,Sample,DPB_2,NA,3,no,15.44249965,15.34044083
DPB_3,Point_Concepcion,Dangermond,DP,B,3,11_2_2018,DPB,11_27_2018,750,Sample,DPB_3,NA,3,no,15.44249965,15.34044083
DPC_1,Point_Concepcion,Dangermond,DP,C,1,11_2_2018,DPC,11_27_2018,1200,Sample,DPC_1,NA,3,no,15.44249965,15.34044083
DPC_2,Point_Concepcion,Dangermond,DP,C,2,11_2_2018,DPC,11_27_2018,1200,Sample,DPC_2,NA,3,no,15.44249965,15.34044083
DPC_3,Point_Concepcion,Dangermond,DP,C,3,11_2_2018,DPC,11_27_2018,1200,Sample,DPC_3,NA,3,no,15.44249965,15.34044083
EBA_1,Santa_Catalina_Island,Emerald_Bay,EB,A,1,10_21_2018,EBA,11_27_2018,1000,Sample,EBA_1,NA,3,keep,19.15166624,18.25725449
EBA_2,Santa_Catalina_Island,Emerald_Bay,EB,A,2,10_21_2018,EBA,11_27_2018,1000,Sample,EBA_2,NA,3,keep,19.15166624,18.25725449
EBA_3,Santa_Catalina_Island,Emerald_Bay,EB,A,3,10_21_2018,EBA,11_27_2018,1000,Sample,EBA_3,NA,3,keep,19.15166624,18.25725449
EBB_1,Santa_Catalina_Island,Emerald_Bay,EB,B,1,10_21_2018,EBB,11_27_2018,1100,Sample,EBB_1,NA,3,keep,19.15166624,18.25725449
EBB_2,Santa_Catalina_Island,Emerald_Bay,EB,B,2,10_21_2018,EBB,11_27_2018,1100,Sample,EBB_2,NA,3,keep,19.15166624,18.25725449
EBB_3,Santa_Catalina_Island,Emerald_Bay,EB,B,3,10_21_2018,EBB,11_27_2018,1100,Sample,EBB_3,NA,3,keep,19.15166624,18.25725449
EBC_1,Santa_Catalina_Island,Emerald_Bay,EB,C,1,10_21_2018,EBC,11_27_2018,1000,Sample,EBC_1,NA,3,keep,19.15166624,18.25725449
EBC_2,Santa_Catalina_Island,Emerald_Bay,EB,C,2,10_21_2018,EBC,11_27_2018,1000,Sample,EBC_2,NA,3,keep,19.15166624,18.25725449
EBC_3,Santa_Catalina_Island,Emerald_Bay,EB,C,3,10_21_2018,EBC,11_27_2018,1000,Sample,EBC_3,NA,3,keep,19.15166624,18.25725449
FCA_1,Santa_Cruz_Island,Forney,FC,A,1,8_25_2018,FCA,9_27_2018,1250,Sample,FCA_1,NA,3,keep,17.9774996,15.7141173
FCA_2,Santa_Cruz_Island,Forney,FC,A,2,8_25_2018,FCA,9_27_2018,1250,Sample,FCA_2,NA,3,keep,17.9774996,15.7141173
FCA_3,Santa_Cruz_Island,Forney,FC,A,3,8_25_2018,FCA,9_27_2018,1250,Sample,FCA_3,NA,3,keep,17.9774996,15.7141173
FCB_1,Santa_Cruz_Island,Forney,FC,B,1,8_25_2018,FCB,9_27_2018,1250,Sample,FCB_1,NA,3,keep,17.9774996,15.7141173
FCB_2,Santa_Cruz_Island,Forney,FC,B,2,8_25_2018,FCB,9_27_2018,1250,Sample,FCB_2,NA,3,keep,17.9774996,15.7141173
FCB_3,Santa_Cruz_Island,Forney,FC,B,3,8_25_2018,FCB,9_27_2018,1250,Sample,FCB_3,NA,3,keep,17.9774996,15.7141173
FCC_1,Santa_Cruz_Island,Forney,FC,C,1,8_25_2018,FCC,9_27_2018,1200,Sample,FCC_1,NA,3,keep,17.9774996,15.7141173
FCC_2,Santa_Cruz_Island,Forney,FC,C,2,8_25_2018,FCC,9_27_2018,1200,Sample,FCC_2,NA,3,keep,17.9774996,15.7141173
FCC_3,Santa_Cruz_Island,Forney,FC,C,3,8_25_2018,FCC,9_27_2018,1200,Sample,FCC_3,NA,3,keep,17.9774996,15.7141173
FPA_1,Santa_Rosa_Island,Ford_Pt,FP,A,1,9_9_2018,FPA,9_27_2018,900,Sample,FPA_1,NA,3,keep,19.30749957,16.57764669
FPA_2,Santa_Rosa_Island,Ford_Pt,FP,A,2,9_9_2018,FPA,9_27_2018,900,Sample,FPA_2,NA,3,keep,19.30749957,16.57764669
FPA_3,Santa_Rosa_Island,Ford_Pt,FP,A,3,9_9_2018,FPA,9_27_2018,900,Sample,FPA_3,NA,3,keep,19.30749957,16.57764669
FPB_1,Santa_Rosa_Island,Ford_Pt,FP,B,1,9_9_2018,FPB,9_27_2018,1250,Sample,FPB_1,NA,3,keep,19.30749957,16.57764669
FPB_2,Santa_Rosa_Island,Ford_Pt,FP,B,2,9_9_2018,FPB,9_27_2018,1250,Sample,FPB_2,NA,3,keep,19.30749957,16.57764669
FPB_3,Santa_Rosa_Island,Ford_Pt,FP,B,3,9_9_2018,FPB,9_27_2018,1250,Sample,FPB_3,NA,3,keep,19.30749957,16.57764669
FPC_1,Santa_Rosa_Island,Ford_Pt,FP,C,1,9_9_2018,FPC,9_27_2018,1000,Sample,FPC_1,NA,3,keep,19.30749957,16.57764669
FPC_2,Santa_Rosa_Island,Ford_Pt,FP,C,2,9_9_2018,FPC,9_27_2018,1000,Sample,FPC_2,NA,3,keep,19.30749957,16.57764669
FPC_3,Santa_Rosa_Island,Ford_Pt,FP,C,3,9_9_2018,FPC,9_27_2018,1000,Sample,FPC_3,NA,3,keep,19.30749957,16.57764669
LCZA.A_1,Gold_mpawatch,LCZA,LCZA,A,1,NA,LCZA.A,NA,500,Sample,LCZA.A_1,NA,3,no,NA,NA
LCZA.A_2,Gold_mpawatch,LCZA,LCZA,A,2,NA,LCZA.A,NA,500,Sample,LCZA.A_2,NA,3,no,NA,NA
LCZA.A_3,Gold_mpawatch,LCZA,LCZA,A,3,NA,LCZA.A,NA,500,Sample,LCZA.A_3,NA,3,no,NA,NA
LCZA.B_1,Gold_mpawatch,LCZA,LCZA,B,1,NA,LCZA.B,NA,500,Sample,LCZA.B_1,NA,3,no,NA,NA
LCZA.B_2,Gold_mpawatch,LCZA,LCZA,B,2,NA,LCZA.B,NA,500,Sample,LCZA.B_2,NA,3,no,NA,NA
LCZA.B_3,Gold_mpawatch,LCZA,LCZA,B,3,NA,LCZA.B,NA,500,Sample,LCZA.B_3,NA,3,no,NA,NA
LCZA.C_1,Gold_mpawatch,LCZA,LCZA,C,1,NA,LCZA.C,NA,500,Sample,LCZA.C_1,NA,3,no,NA,NA
LCZA.C_2,Gold_mpawatch,LCZA,LCZA,C,2,NA,LCZA.C,NA,500,Sample,LCZA.C_2,NA,3,no,NA,NA
LCZA.C_3,Gold_mpawatch,LCZA,LCZA,C,3,NA,LCZA.C,NA,500,Sample,LCZA.C_3,NA,3,no,NA,NA
LHA_1,Santa_Catalina_Island,Little_Harbor,LH,A,1,10_19_2018,LHA,11_27_2018,1100,Sample,LHA_1,NA,3,keep,19.90749956,18.67308782
LHA_2,Santa_Catalina_Island,Little_Harbor,LH,A,2,10_19_2018,LHA,11_27_2018,1100,Sample,LHA_2,NA,3,keep,19.90749956,18.67308782
LHA_3,Santa_Catalina_Island,Little_Harbor,LH,A,3,10_19_2018,LHA,11_27_2018,1100,Sample,LHA_3,NA,3,keep,19.90749956,18.67308782
LHB_1,Santa_Catalina_Island,Little_Harbor,LH,B,1,10_19_2018,LHB,11_27_2018,1200,Sample,LHB_1,NA,3,keep,19.90749956,18.67308782
LHB_2,Santa_Catalina_Island,Little_Harbor,LH,B,2,10_19_2018,LHB,11_27_2018,1200,Sample,LHB_2,NA,3,keep,19.90749956,18.67308782
LHB_3,Santa_Catalina_Island,Little_Harbor,LH,B,3,10_19_2018,LHB,11_27_2018,1200,Sample,LHB_3,NA,3,keep,19.90749956,18.67308782
LHC_1,Santa_Catalina_Island,Little_Harbor,LH,C,1,10_19_2018,LHC,11_27_2018,1100,Sample,LHC_1,NA,3,keep,19.90749956,18.67308782
LHC_2,Santa_Catalina_Island,Little_Harbor,LH,C,2,10_19_2018,LHC,11_27_2018,1100,Sample,LHC_2,NA,3,keep,19.90749956,18.67308782
LHC_3,Santa_Catalina_Island,Little_Harbor,LH,C,3,10_19_2018,LHC,11_27_2018,1100,Sample,LHC_3,NA,3,keep,19.90749956,18.67308782
LTGO.eDNA.1.2.A_1,Gold_mpawatch,LTGO_1.2,LTGO_1.2,A,1,NA,LTGO_1.2.A,NA,500,Sample,LTGO_eDNA_1.2.A_1,NA,3,no,NA,NA
LTGO.eDNA.1.2.A_2,Gold_mpawatch,LTGO_1.2,LTGO_1.2,A,2,NA,LTGO_1.2.A,NA,500,Sample,LTGO_eDNA_1.2.A_2,NA,3,no,NA,NA
LTGO.eDNA.1.2.A_3,Gold_mpawatch,LTGO_1.2,LTGO_1.2,A,3,NA,LTGO_1.2.A,NA,500,Sample,LTGO_eDNA_1.2.A_3,NA,3,no,NA,NA
LTGO.eDNA.1.2.B_1,Gold_mpawatch,LTGO_1.2,LTGO_1.2,B,1,NA,LTGO_1.2.B,NA,500,Sample,LTGO_eDNA_1.2.B_1,NA,3,no,NA,NA
LTGO.eDNA.1.2.B_2,Gold_mpawatch,LTGO_1.2,LTGO_1.2,B,2,NA,LTGO_1.2.B,NA,500,Sample,LTGO_eDNA_1.2.B_2,NA,3,no,NA,NA
LTGO.eDNA.1.2.B_3,Gold_mpawatch,LTGO_1.2,LTGO_1.2,B,3,NA,LTGO_1.2.B,NA,500,Sample,LTGO_eDNA_1.2.B_3,NA,3,no,NA,NA
LTGO.eDNA.1.2.C_1,Gold_mpawatch,LTGO_1.2,LTGO_1.2,C,1,NA,LTGO_1.2.C,NA,500,Sample,LTGO_eDNA_1.2.C_1,NA,3,no,NA,NA
LTGO.eDNA.1.2.C_2,Gold_mpawatch,LTGO_1.2,LTGO_1.2,C,2,NA,LTGO_1.2.C,NA,500,Sample,LTGO_eDNA_1.2.C_2,NA,3,no,NA,NA
LTGO.eDNA.1.2.C_3,Gold_mpawatch,LTGO_1.2,LTGO_1.2,C,3,NA,LTGO_1.2.C,NA,500,Sample,LTGO_eDNA_1.2.C_3,NA,3,no,NA,NA
LTGO.eDNA.5.A_1,Gold_mpawatch,LTGO_5,LTGO_5,A,1,NA,LTGO_5.A,NA,500,Sample,LTGO_eDNA_5.A_1,NA,3,no,NA,NA
LTGO.eDNA.5.A_2,Gold_mpawatch,LTGO_5,LTGO_5,A,2,NA,LTGO_5.A,NA,500,Sample,LTGO_eDNA_5.A_2,NA,3,no,NA,NA
LTGO.eDNA.5.A_3,Gold_mpawatch,LTGO_5,LTGO_5,A,3,NA,LTGO_5.A,NA,500,Sample,LTGO_eDNA_5.A_3,NA,3,no,NA,NA
LTGO.eDNA.5.B_1,Gold_mpawatch,LTGO_5,LTGO_5,B,1,NA,LTGO_5.B,NA,500,Sample,LTGO_eDNA_5.B_1,NA,3,no,NA,NA
LTGO.eDNA.5.B_2,Gold_mpawatch,LTGO_5,LTGO_5,B,2,NA,LTGO_5.B,NA,500,Sample,LTGO_eDNA_5.B_2,NA,3,no,NA,NA
LTGO.eDNA.5.B_3,Gold_mpawatch,LTGO_5,LTGO_5,B,3,NA,LTGO_5.B,NA,500,Sample,LTGO_eDNA_5.B_3,NA,3,no,NA,NA
LTGO.eDNA.5.C_1,Gold_mpawatch,LTGO_5,LTGO_5,C,1,NA,LTGO_5.C,NA,500,Sample,LTGO_eDNA_5.C_1,NA,3,no,NA,NA
LTGO.eDNA.5.C_2,Gold_mpawatch,LTGO_5,LTGO_5,C,2,NA,LTGO_5.C,NA,500,Sample,LTGO_eDNA_5.C_2,NA,3,no,NA,NA
LTGO.eDNA.5.C_3,Gold_mpawatch,LTGO_5,LTGO_5,C,3,NA,LTGO_5.C,NA,500,Sample,LTGO_eDNA_5.C_3,NA,3,no,NA,NA
LTGP.A_1,Gold_mpawatch,LTGP,LTGP,A,1,NA,LTGP.A,NA,500,Sample,LTGP.A_1,NA,3,no,NA,NA
LTGP.A_2,Gold_mpawatch,LTGP,LTGP,A,2,NA,LTGP.A,NA,500,Sample,LTGP.A_2,NA,3,no,NA,NA
LTGP.A_3,Gold_mpawatch,LTGP,LTGP,A,3,NA,LTGP.A,NA,500,Sample,LTGP.A_3,NA,3,no,NA,NA
LTGP.B_1,Gold_mpawatch,LTGP,LTGP,B,1,NA,LTGP.B,NA,500,Sample,LTGP.B_1,NA,3,no,NA,NA
LTGP.B_2,Gold_mpawatch,LTGP,LTGP,B,2,NA,LTGP.B,NA,500,Sample,LTGP.B_2,NA,3,no,NA,NA
LTGP.B_3,Gold_mpawatch,LTGP,LTGP,B,3,NA,LTGP.B,NA,500,Sample,LTGP.B_3,NA,3,no,NA,NA
LTGP.C_1,Gold_mpawatch,LTGP,LTGP,C,1,NA,LTGP.C,NA,500,Sample,LTGP.C_1,NA,3,no,NA,NA
LTGP.C_2,Gold_mpawatch,LTGP,LTGP,C,2,NA,LTGP.C,NA,500,Sample,LTGP.C_2,NA,3,no,NA,NA
LTGP.C_3,Gold_mpawatch,LTGP,LTGP,C,3,NA,LTGP.C,NA,500,Sample,LTGP.C_3,NA,3,no,NA,NA
PIDB.A_1,Gold_mpawatch,PIDB,PIDB,A,1,NA,PIDB.A,NA,500,Sample,PIDB.A_1,NA,3,no,NA,NA
PIDB.A_2,Gold_mpawatch,PIDB,PIDB,A,2,NA,PIDB.A,NA,500,Sample,PIDB.A_2,NA,3,no,NA,NA
PIDB.A_3,Gold_mpawatch,PIDB,PIDB,A,3,NA,PIDB.A,NA,500,Sample,PIDB.A_3,NA,3,no,NA,NA
PIDB.B_1,Gold_mpawatch,PIDB,PIDB,B,1,NA,PIDB.B,NA,500,Sample,PIDB.B_1,NA,3,no,NA,NA
PIDB.B_2,Gold_mpawatch,PIDB,PIDB,B,2,NA,PIDB.B,NA,500,Sample,PIDB.B_2,NA,3,no,NA,NA
PIDB.B_3,Gold_mpawatch,PIDB,PIDB,B,3,NA,PIDB.B,NA,500,Sample,PIDB.B_3,NA,3,no,NA,NA
PIDB.C_1,Gold_mpawatch,PIDB,PIDB,C,1,NA,PIDB.C,NA,500,Sample,PIDB.C_1,NA,3,no,NA,NA
PIDB.C_2,Gold_mpawatch,PIDB,PIDB,C,2,NA,PIDB.C,NA,500,Sample,PIDB.C_2,NA,3,no,NA,NA
PIDB.C_3,Gold_mpawatch,PIDB,PIDB,C,3,NA,PIDB.C,NA,500,Sample,PIDB.C_3,NA,3,no,NA,NA
PTDS.A_1,Gold_mpawatch,PTDS,PTDS,A,1,NA,PTDS.A,NA,500,Sample,PTDS.A_1,NA,3,no,NA,NA
PTDS.A_2,Gold_mpawatch,PTDS,PTDS,A,2,NA,PTDS.A,NA,500,Sample,PTDS.A_2,NA,3,no,NA,NA
PTDS.A_3,Gold_mpawatch,PTDS,PTDS,A,3,NA,PTDS.A,NA,500,Sample,PTDS.A_3,NA,3,no,NA,NA
PTDS.B_1,Gold_mpawatch,PTDS,PTDS,B,1,NA,PTDS.B,NA,500,Sample,PTDS.B_1,NA,3,no,NA,NA
PTDS.B_2,Gold_mpawatch,PTDS,PTDS,B,2,NA,PTDS.B,NA,500,Sample,PTDS.B_2,NA,3,no,NA,NA
PTDS.B_3,Gold_mpawatch,PTDS,PTDS,B,3,NA,PTDS.B,NA,500,Sample,PTDS.B_3,NA,3,no,NA,NA
PTDS.C_1,Gold_mpawatch,PTDS,PTDS,C,1,NA,PTDS.C,NA,500,Sample,PTDS.C_1,NA,3,no,NA,NA
PTDS.C_2,Gold_mpawatch,PTDS,PTDS,C,2,NA,PTDS.C,NA,500,Sample,PTDS.C_2,NA,3,no,NA,NA
PTDS.C_3,Gold_mpawatch,PTDS,PTDS,C,3,NA,PTDS.C,NA,500,Sample,PTDS.C_3,NA,3,no,NA,NA
RBA_1,Isla_Vista,R_Beach,RB,A,1,10_10_2018,RBA,11_27_2018,1200,Sample,RBA_1,NA,3,no,19.06999957,16.31397022
RBA_2,Isla_Vista,R_Beach,RB,A,2,10_10_2018,RBA,11_27_2018,1200,Sample,RBA_2,NA,3,no,19.06999957,16.31397022
RBA_3,Isla_Vista,R_Beach,RB,A,3,10_10_2018,RBA,11_27_2018,1200,Sample,RBA_3,NA,3,no,19.06999957,16.31397022
RBB_1,Isla_Vista,R_Beach,RB,B,1,10_10_2018,RBB,11_27_2018,1200,Sample,RBB_1,NA,3,no,19.06999957,16.31397022
RBB_2,Isla_Vista,R_Beach,RB,B,2,10_10_2018,RBB,11_27_2018,1200,Sample,RBB_2,NA,3,no,19.06999957,16.31397022
RBB_3,Isla_Vista,R_Beach,RB,B,3,10_10_2018,RBB,11_27_2018,1200,Sample,RBB_3,NA,3,no,19.06999957,16.31397022
RBC_1,Isla_Vista,R_Beach,RB,C,1,10_10_2018,RBC,11_27_2018,1200,Sample,RBC_1,NA,3,no,19.06999957,16.31397022
RBC_2,Isla_Vista,R_Beach,RB,C,2,10_10_2018,RBC,11_27_2018,1200,Sample,RBC_2,NA,3,no,19.06999957,16.31397022
RBC_3,Isla_Vista,R_Beach,RB,C,3,10_10_2018,RBC,11_27_2018,1200,Sample,RBC_3,NA,3,no,19.06999957,16.31397022
SAA_1,Santa_Rosa_Island,Southeast_Anchorage,SA,A,1,9_13_2018,SAA,9_27_2018,1200,Sample,SAA_1,NA,3,keep,17.9799996,15.0580879
SAA_2,Santa_Rosa_Island,Southeast_Anchorage,SA,A,2,9_13_2018,SAA,9_27_2018,1200,Sample,SAA_2,NA,3,keep,17.9799996,15.0580879
SAA_3,Santa_Rosa_Island,Southeast_Anchorage,SA,A,3,9_13_2018,SAA,9_27_2018,1200,Sample,SAA_3,NA,3,keep,17.9799996,15.0580879
SAB_1,Santa_Rosa_Island,Southeast_Anchorage,SA,B,1,9_13_2018,SAB,9_27_2018,1250,Sample,SAB_1,NA,3,keep,17.9799996,15.0580879
SAB_2,Santa_Rosa_Island,Southeast_Anchorage,SA,B,2,9_13_2018,SAB,9_27_2018,1250,Sample,SAB_2,NA,3,keep,17.9799996,15.0580879
SAB_3,Santa_Rosa_Island,Southeast_Anchorage,SA,B,3,9_13_2018,SAB,9_27_2018,1250,Sample,SAB_3,NA,3,keep,17.9799996,15.0580879
SAC_1,Santa_Rosa_Island,Southeast_Anchorage,SA,C,1,9_13_2018,SAC,9_27_2018,1200,Sample,SAC_1,NA,3,keep,17.9799996,15.0580879
SAC_2,Santa_Rosa_Island,Southeast_Anchorage,SA,C,2,9_13_2018,SAC,9_27_2018,1200,Sample,SAC_2,NA,3,keep,17.9799996,15.0580879
SAC_3,Santa_Rosa_Island,Southeast_Anchorage,SA,C,3,9_13_2018,SAC,9_27_2018,1200,Sample,SAC_3,NA,3,keep,17.9799996,15.0580879
SCA_1,Santa_Barbara,Santa_Claus,SC,A,1,NA,SCA,11_27_2018,1150,Sample,SCA_1,NA,3,no,21.03249953,17.4042153
SCA_2,Santa_Barbara,Santa_Claus,SC,A,2,NA,SCA,11_27_2018,1150,Sample,SCA_2,NA,3,no,21.03249953,17.4042153
SCA_3,Santa_Barbara,Santa_Claus,SC,A,3,NA,SCA,11_27_2018,1150,Sample,SCA_3,NA,3,no,21.03249953,17.4042153
SCAR_1,Santa_Rosa_Island,Soledad,SC_R,A,1,9_11_2018,SCAR,9_27_2018,1100,Sample,SCAR_1,NA,3,seine,15.81249965,15.04441143
SCAR_2,Santa_Rosa_Island,Soledad,SC_R,A,2,9_11_2018,SCAR,9_27_2018,1100,Sample,SCAR_2,NA,3,seine,15.81249965,15.04441143
SCAR_3,Santa_Rosa_Island,Soledad,SC_R,A,3,9_11_2018,SCAR,9_27_2018,1100,Sample,SCAR_3,NA,3,seine,15.81249965,15.04441143
SCB_1,Santa_Barbara,Santa_Claus,SC,B,1,NA,SCB,11_27_2018,800,Sample,SCB_1,NA,3,no,21.03249953,17.4042153
SCB_2,Santa_Barbara,Santa_Claus,SC,B,2,NA,SCB,11_27_2018,800,Sample,SCB_2,NA,3,no,21.03249953,17.4042153
SCB_3,Santa_Barbara,Santa_Claus,SC,B,3,NA,SCB,11_27_2018,800,Sample,SCB_3,NA,3,no,21.03249953,17.4042153
SCBR_1,Santa_Rosa_Island,Soledad,SC_R,B,1,9_11_2018,SCBR,9_27_2018,1200,Sample,SCBR_1,NA,3,seine,15.81249965,15.04441143
SCBR_2,Santa_Rosa_Island,Soledad,SC_R,B,2,9_11_2018,SCBR,9_27_2018,1200,Sample,SCBR_2,NA,3,seine,15.81249965,15.04441143
SCBR_3,Santa_Rosa_Island,Soledad,SC_R,B,3,9_11_2018,SCBR,9_27_2018,1200,Sample,SCBR_3,NA,3,seine,15.81249965,15.04441143
SCC_1,Santa_Barbara,Santa_Claus,SC,C,1,NA,SCC,11_27_2018,1150,Sample,SCC_1,NA,3,no,21.03249953,17.4042153
SCC_2,Santa_Barbara,Santa_Claus,SC,C,2,NA,SCC,11_27_2018,1150,Sample,SCC_2,NA,3,no,21.03249953,17.4042153
SCC_3,Santa_Barbara,Santa_Claus,SC,C,3,NA,SCC,11_27_2018,1150,Sample,SCC_3,NA,3,no,21.03249953,17.4042153
SCCR_1,Santa_Rosa_Island,Soledad,SC_R,C,1,9_11_2018,SCCR,9_27_2018,1100,Sample,SCCR_1,NA,3,seine,15.81249965,15.04441143
SCCR_2,Santa_Rosa_Island,Soledad,SC_R,C,2,9_11_2018,SCCR,9_27_2018,1100,Sample,SCCR_2,NA,3,seine,15.81249965,15.04441143
SCCR_3,Santa_Rosa_Island,Soledad,SC_R,C,3,9_11_2018,SCCR,9_27_2018,1100,Sample,SCCR_3,NA,3,seine,15.81249965,15.04441143
SMA_1,Santa_Monica,Santa_Monica,SM,A,1,8_15_2018,SMA,9_27_2018,1000,Sample,SMA_1,NA,3,no,19.76499956,17.87735254
SMA_2,Santa_Monica,Santa_Monica,SM,A,2,8_15_2018,SMA,9_27_2018,1000,Sample,SMA_2,NA,3,no,19.76499956,17.87735254
SMA_3,Santa_Monica,Santa_Monica,SM,A,3,8_15_2018,SMA,9_27_2018,1000,Sample,SMA_3,NA,3,no,19.76499956,17.87735254
SMB_1,Santa_Monica,Santa_Monica,SM,B,1,8_15_2018,SMB,9_27_2018,1000,Sample,SMB_1,NA,3,no,19.76499956,17.87735254
SMB_2,Santa_Monica,Santa_Monica,SM,B,2,8_15_2018,SMB,9_27_2018,1000,Sample,SMB_2,NA,3,no,19.76499956,17.87735254
SMB_3,Santa_Monica,Santa_Monica,SM,B,3,8_15_2018,SMB,9_27_2018,1000,Sample,SMB_3,NA,3,no,19.76499956,17.87735254
SMC_1,Santa_Monica,Santa_Monica,SM,C,1,8_15_2018,SMC,9_27_2018,1250,Sample,SMC_1,NA,3,no,19.76499956,17.87735254
SMC_2,Santa_Monica,Santa_Monica,SM,C,2,8_15_2018,SMC,9_27_2018,1250,Sample,SMC_2,NA,3,no,19.76499956,17.87735254
SMC_3,Santa_Monica,Santa_Monica,SM,C,3,8_15_2018,SMC,9_27_2018,1250,Sample,SMC_3,NA,3,no,19.76499956,17.87735254
SPA_1,Santa_Rosa_Island,Sandy_Point,SP,A,1,9_10_2018,SPA,9_27_2018,1250,Sample,SPA_1,NA,3,keep,16.02166631,15.07450947
SPA_2,Santa_Rosa_Island,Sandy_Point,SP,A,2,9_10_2018,SPA,9_27_2018,1250,Sample,SPA_2,NA,3,keep,16.02166631,15.07450947
SPA_3,Santa_Rosa_Island,Sandy_Point,SP,A,3,9_10_2018,SPA,9_27_2018,1250,Sample,SPA_3,NA,3,keep,16.02166631,15.07450947
SPB_1,Santa_Rosa_Island,Sandy_Point,SP,B,1,9_10_2018,SPB,9_27_2018,1250,Sample,SPB_1,NA,3,keep,16.02166631,15.07450947
SPB_2,Santa_Rosa_Island,Sandy_Point,SP,B,2,9_10_2018,SPB,9_27_2018,1250,Sample,SPB_2,NA,3,keep,16.02166631,15.07450947
SPB_3,Santa_Rosa_Island,Sandy_Point,SP,B,3,9_10_2018,SPB,9_27_2018,1250,Sample,SPB_3,NA,3,keep,16.02166631,15.07450947
SPC_1,Santa_Rosa_Island,Sandy_Point,SP,C,1,9_10_2018,SPC,9_27_2018,1000,Sample,SPC_1,NA,3,keep,16.02166631,15.07450947
SPC_2,Santa_Rosa_Island,Sandy_Point,SP,C,2,9_10_2018,SPC,9_27_2018,1000,Sample,SPC_2,NA,3,keep,16.02166631,15.07450947
SPC_3,Santa_Rosa_Island,Sandy_Point,SP,C,3,9_10_2018,SPC,9_27_2018,1000,Sample,SPC_3,NA,3,keep,16.02166631,15.07450947
WCA_1,Santa_Rosa_Island,Water_Canyon,WC,A,1,9_8_2018,WCA,9_27_2018,1250,Sample,WCA_1,NA,3,keep,16.91999962,15.26220554
WCA_2,Santa_Rosa_Island,Water_Canyon,WC,A,2,9_8_2018,WCA,9_27_2018,1250,Sample,WCA_2,NA,3,keep,16.91999962,15.26220554
WCA_3,Santa_Rosa_Island,Water_Canyon,WC,A,3,9_8_2018,WCA,9_27_2018,1250,Sample,WCA_3,NA,3,keep,16.91999962,15.26220554
WCB_1,Santa_Rosa_Island,Water_Canyon,WC,B,1,9_8_2018,WCB,9_27_2018,1000,Sample,WCB_1,NA,3,keep,16.91999962,15.26220554
WCB_2,Santa_Rosa_Island,Water_Canyon,WC,B,2,9_8_2018,WCB,9_27_2018,1000,Sample,WCB_2,NA,3,keep,16.91999962,15.26220554
WCB_3,Santa_Rosa_Island,Water_Canyon,WC,B,3,9_8_2018,WCB,9_27_2018,1000,Sample,WCB_3,NA,3,keep,16.91999962,15.26220554
WCC_1,Santa_Rosa_Island,Water_Canyon,WC,C,1,9_8_2018,WCC,9_27_2018,1200,Sample,WCC_1,NA,3,keep,16.91999962,15.26220554
WCC_2,Santa_Rosa_Island,Water_Canyon,WC,C,2,9_8_2018,WCC,9_27_2018,1200,Sample,WCC_2,NA,3,keep,16.91999962,15.26220554
WCC_3,Santa_Rosa_Island,Water_Canyon,WC,C,3,9_8_2018,WCC,9_27_2018,1200,Sample,WCC_3,NA,3,keep,16.91999962,15.26220554