"","Species","Site","e_index","sd_e_index","mean_bruv_count","sd_bruv_count","matching","matching2","eDNA_Presence_tot","nps_Presence_tot","eDNA_detect","BRUV_detect"
"1","Amphistichus argenteus","Bechers",0,0,4.5,0.707106781186548,"BRUV.Detected.Only","BRUV.Detected.Only",1.32208412711388,45.8333333333333,"eDNA.Detected","BRUV.Detected"
"2","Amphistichus argenteus","Ben_Weston",0,0,2,0,"BRUV.Detected.Only","BRUV.Detected.Only",1.32208412711388,45.8333333333333,"eDNA.Detected","BRUV.Detected"
"3","Amphistichus argenteus","China_Camp",0,0,7,0,"BRUV.Detected.Only","BRUV.Detected.Only",1.32208412711388,45.8333333333333,"eDNA.Detected","BRUV.Detected"
"4","Amphistichus argenteus","Christy",0,0,0,0,"Both.Missed","Matching",1.32208412711388,45.8333333333333,"eDNA.Detected","BRUV.Detected"
"5","Amphistichus argenteus","Coches",0,0,0,0,"Both.Missed","Matching",1.32208412711388,45.8333333333333,"eDNA.Detected","BRUV.Detected"
"6","Amphistichus argenteus","Cuylers_Harbor",0,0,0,0,"Both.Missed","Matching",1.32208412711388,45.8333333333333,"eDNA.Detected","BRUV.Detected"
"7","Amphistichus argenteus","Dangermond",0.322084127113881,0.322084127113881,7.33333333333333,2.3094010767585,"Both.Detected","Matching",1.32208412711388,45.8333333333333,"eDNA.Detected","BRUV.Detected"
"8","Amphistichus argenteus","Emerald_Bay",0,0,0,0,"Both.Missed","Matching",1.32208412711388,45.8333333333333,"eDNA.Detected","BRUV.Detected"
"9","Amphistichus argenteus","Ford_Pt",0,0,5.33333333333333,3.05505046330389,"BRUV.Detected.Only","BRUV.Detected.Only",1.32208412711388,45.8333333333333,"eDNA.Detected","BRUV.Detected"
"10","Amphistichus argenteus","Forney",0,0,0,0,"Both.Missed","Matching",1.32208412711388,45.8333333333333,"eDNA.Detected","BRUV.Detected"
"11","Amphistichus argenteus","Little_Harbor",0,0,0,0,"Both.Missed","Matching",1.32208412711388,45.8333333333333,"eDNA.Detected","BRUV.Detected"
"12","Amphistichus argenteus","R_Beach",1,1,1,0,"Both.Detected","Matching",1.32208412711388,45.8333333333333,"eDNA.Detected","BRUV.Detected"
"13","Amphistichus argenteus","Sandy_Point",0,0,6,3.60555127546399,"BRUV.Detected.Only","BRUV.Detected.Only",1.32208412711388,45.8333333333333,"eDNA.Detected","BRUV.Detected"
"14","Amphistichus argenteus","Santa_Claus",0,0,0,0,"Both.Missed","Matching",1.32208412711388,45.8333333333333,"eDNA.Detected","BRUV.Detected"
"15","Amphistichus argenteus","Santa_Monica",0,0,3,0,"BRUV.Detected.Only","BRUV.Detected.Only",1.32208412711388,45.8333333333333,"eDNA.Detected","BRUV.Detected"
"16","Amphistichus argenteus","Soledad",0,0,0,0,"Both.Missed","Matching",1.32208412711388,45.8333333333333,"eDNA.Detected","BRUV.Detected"
"17","Amphistichus argenteus","Southeast_Anchorage",0,0,0,0,"Both.Missed","Matching",1.32208412711388,45.8333333333333,"eDNA.Detected","BRUV.Detected"
"18","Amphistichus argenteus","Water_Canyon",0,0,9.66666666666667,6.80685928555405,"BRUV.Detected.Only","BRUV.Detected.Only",1.32208412711388,45.8333333333333,"eDNA.Detected","BRUV.Detected"
"19","Anisotremus davidsonii","Bechers",0,0,0,0,"Both.Missed","Matching",1.59239936075875,5.66666666666667,"eDNA.Detected","BRUV.Detected"
"20","Anisotremus davidsonii","Ben_Weston",0.0736040057071247,0.0736040057071247,3,2.82842712474619,"Both.Detected","Matching",1.59239936075875,5.66666666666667,"eDNA.Detected","BRUV.Detected"
"21","Anisotremus davidsonii","China_Camp",0,0,0,0,"Both.Missed","Matching",1.59239936075875,5.66666666666667,"eDNA.Detected","BRUV.Detected"
"22","Anisotremus davidsonii","Christy",0,0,0,0,"Both.Missed","Matching",1.59239936075875,5.66666666666667,"eDNA.Detected","BRUV.Detected"
"23","Anisotremus davidsonii","Coches",0.185560226115766,0.185560226115766,0,0,"eDNA.Detected.Only","eDNA.Detected.Only",1.59239936075875,5.66666666666667,"eDNA.Detected","BRUV.Detected"
"24","Anisotremus davidsonii","Cuylers_Harbor",0,0,0,0,"Both.Missed","Matching",1.59239936075875,5.66666666666667,"eDNA.Detected","BRUV.Detected"
"25","Anisotremus davidsonii","Dangermond",0,0,0,0,"Both.Missed","Matching",1.59239936075875,5.66666666666667,"eDNA.Detected","BRUV.Detected"
"26","Anisotremus davidsonii","Emerald_Bay",0.130323198143189,0.130323198143189,0,0,"eDNA.Detected.Only","eDNA.Detected.Only",1.59239936075875,5.66666666666667,"eDNA.Detected","BRUV.Detected"
"27","Anisotremus davidsonii","Ford_Pt",0,0,0,0,"Both.Missed","Matching",1.59239936075875,5.66666666666667,"eDNA.Detected","BRUV.Detected"
"28","Anisotremus davidsonii","Forney",0,0,0,0,"Both.Missed","Matching",1.59239936075875,5.66666666666667,"eDNA.Detected","BRUV.Detected"
"29","Anisotremus davidsonii","Little_Harbor",1,1,2.66666666666667,0.577350269189626,"Both.Detected","Matching",1.59239936075875,5.66666666666667,"eDNA.Detected","BRUV.Detected"
"30","Anisotremus davidsonii","R_Beach",0.0564814527459229,0.0564814527459229,0,0,"eDNA.Detected.Only","eDNA.Detected.Only",1.59239936075875,5.66666666666667,"eDNA.Detected","BRUV.Detected"
"31","Anisotremus davidsonii","Sandy_Point",0,0,0,0,"Both.Missed","Matching",1.59239936075875,5.66666666666667,"eDNA.Detected","BRUV.Detected"
"32","Anisotremus davidsonii","Santa_Claus",0.133442267913541,0.133442267913541,0,0,"eDNA.Detected.Only","eDNA.Detected.Only",1.59239936075875,5.66666666666667,"eDNA.Detected","BRUV.Detected"
"33","Anisotremus davidsonii","Santa_Monica",0.012988210133205,0.012988210133205,0,0,"eDNA.Detected.Only","eDNA.Detected.Only",1.59239936075875,5.66666666666667,"eDNA.Detected","BRUV.Detected"
"34","Anisotremus davidsonii","Soledad",0,0,0,0,"Both.Missed","Matching",1.59239936075875,5.66666666666667,"eDNA.Detected","BRUV.Detected"
"35","Anisotremus davidsonii","Southeast_Anchorage",0,0,0,0,"Both.Missed","Matching",1.59239936075875,5.66666666666667,"eDNA.Detected","BRUV.Detected"
"36","Anisotremus davidsonii","Water_Canyon",0,0,0,0,"Both.Missed","Matching",1.59239936075875,5.66666666666667,"eDNA.Detected","BRUV.Detected"
"37","Atherinops affinis","Bechers",0.264858901310231,0.264858901310231,2.5,2.12132034355964,"Both.Detected","Matching",6.9533205534645,185.833333333333,"eDNA.Detected","BRUV.Detected"
"38","Atherinops affinis","Ben_Weston",0.647833975772442,0.647833975772442,8.5,4.94974746830583,"Both.Detected","Matching",6.9533205534645,185.833333333333,"eDNA.Detected","BRUV.Detected"
"39","Atherinops affinis","China_Camp",0.175922739396974,0.175922739396974,0,0,"eDNA.Detected.Only","eDNA.Detected.Only",6.9533205534645,185.833333333333,"eDNA.Detected","BRUV.Detected"
"40","Atherinops affinis","Christy",0.655875912179652,0.655875912179652,86.5,108.187337521542,"Both.Detected","Matching",6.9533205534645,185.833333333333,"eDNA.Detected","BRUV.Detected"
"41","Atherinops affinis","Coches",0.735882635180205,0.735882635180205,0,0,"eDNA.Detected.Only","eDNA.Detected.Only",6.9533205534645,185.833333333333,"eDNA.Detected","BRUV.Detected"
"42","Atherinops affinis","Cuylers_Harbor",0.572953592323558,0.572953592323558,5,2.64575131106459,"Both.Detected","Matching",6.9533205534645,185.833333333333,"eDNA.Detected","BRUV.Detected"
"43","Atherinops affinis","Dangermond",0.109638478662335,0.109638478662335,4,0,"Both.Detected","Matching",6.9533205534645,185.833333333333,"eDNA.Detected","BRUV.Detected"
"44","Atherinops affinis","Emerald_Bay",0.4349838550365,0.4349838550365,0,0,"eDNA.Detected.Only","eDNA.Detected.Only",6.9533205534645,185.833333333333,"eDNA.Detected","BRUV.Detected"
"45","Atherinops affinis","Ford_Pt",0.339170898328944,0.339170898328944,3.33333333333333,1.52752523165195,"Both.Detected","Matching",6.9533205534645,185.833333333333,"eDNA.Detected","BRUV.Detected"
"46","Atherinops affinis","Forney",0.0402005823339393,0.0402005823339393,0,0,"eDNA.Detected.Only","eDNA.Detected.Only",6.9533205534645,185.833333333333,"eDNA.Detected","BRUV.Detected"
"47","Atherinops affinis","Little_Harbor",0.506463601123747,0.506463601123747,40.6666666666667,68.7046820335655,"Both.Detected","Matching",6.9533205534645,185.833333333333,"eDNA.Detected","BRUV.Detected"
"48","Atherinops affinis","R_Beach",0.290437764793462,0.290437764793462,1,0,"Both.Detected","Matching",6.9533205534645,185.833333333333,"eDNA.Detected","BRUV.Detected"
"49","Atherinops affinis","Sandy_Point",0.561057595808774,0.561057595808774,2,0,"Both.Detected","Matching",6.9533205534645,185.833333333333,"eDNA.Detected","BRUV.Detected"
"50","Atherinops affinis","Santa_Claus",0.265038624472596,0.265038624472596,6.33333333333333,5.03322295684717,"Both.Detected","Matching",6.9533205534645,185.833333333333,"eDNA.Detected","BRUV.Detected"
"51","Atherinops affinis","Santa_Monica",1,1,0,0,"eDNA.Detected.Only","eDNA.Detected.Only",6.9533205534645,185.833333333333,"eDNA.Detected","BRUV.Detected"
"52","Atherinops affinis","Soledad",0.148835519294742,0.148835519294742,0,0,"eDNA.Detected.Only","eDNA.Detected.Only",6.9533205534645,185.833333333333,"eDNA.Detected","BRUV.Detected"
"53","Atherinops affinis","Southeast_Anchorage",0.0670079394144849,0.0670079394144849,24,9.8488578017961,"Both.Detected","Matching",6.9533205534645,185.833333333333,"eDNA.Detected","BRUV.Detected"
"54","Atherinops affinis","Water_Canyon",0.137157938031915,0.137157938031915,2,0,"Both.Detected","Matching",6.9533205534645,185.833333333333,"eDNA.Detected","BRUV.Detected"
"55","Citharichthys stigmaeus","Bechers",0.51336930397105,0.51336930397105,1.66666666666667,0.577350269189626,"Both.Detected","Matching",4.85179112898411,37.5,"eDNA.Detected","BRUV.Detected"
"56","Citharichthys stigmaeus","Ben_Weston",0,0,0,0,"Both.Missed","Matching",4.85179112898411,37.5,"eDNA.Detected","BRUV.Detected"
"57","Citharichthys stigmaeus","China_Camp",0,0,1,0,"BRUV.Detected.Only","BRUV.Detected.Only",4.85179112898411,37.5,"eDNA.Detected","BRUV.Detected"
"58","Citharichthys stigmaeus","Christy",0.70699687249336,0.70699687249336,3.5,3.53553390593274,"Both.Detected","Matching",4.85179112898411,37.5,"eDNA.Detected","BRUV.Detected"
"59","Citharichthys stigmaeus","Coches",0.512383691332153,0.512383691332153,8.66666666666667,3.78593889720018,"Both.Detected","Matching",4.85179112898411,37.5,"eDNA.Detected","BRUV.Detected"
"60","Citharichthys stigmaeus","Cuylers_Harbor",0.381839141322574,0.381839141322574,7.33333333333333,3.78593889720018,"Both.Detected","Matching",4.85179112898411,37.5,"eDNA.Detected","BRUV.Detected"
"61","Citharichthys stigmaeus","Dangermond",0.740646929553281,0.740646929553281,0,0,"eDNA.Detected.Only","eDNA.Detected.Only",4.85179112898411,37.5,"eDNA.Detected","BRUV.Detected"
"62","Citharichthys stigmaeus","Emerald_Bay",0,0,0,0,"Both.Missed","Matching",4.85179112898411,37.5,"eDNA.Detected","BRUV.Detected"
"63","Citharichthys stigmaeus","Ford_Pt",0.143284484682331,0.143284484682331,2,0,"Both.Detected","Matching",4.85179112898411,37.5,"eDNA.Detected","BRUV.Detected"
"64","Citharichthys stigmaeus","Forney",0.105770992917838,0.105770992917838,1,0,"Both.Detected","Matching",4.85179112898411,37.5,"eDNA.Detected","BRUV.Detected"
"65","Citharichthys stigmaeus","Little_Harbor",0,0,0,0,"Both.Missed","Matching",4.85179112898411,37.5,"eDNA.Detected","BRUV.Detected"
"66","Citharichthys stigmaeus","R_Beach",0.152293330437853,0.152293330437853,1.33333333333333,0.577350269189626,"Both.Detected","Matching",4.85179112898411,37.5,"eDNA.Detected","BRUV.Detected"
"67","Citharichthys stigmaeus","Sandy_Point",0.476418657677983,0.476418657677983,5,0,"Both.Detected","Matching",4.85179112898411,37.5,"eDNA.Detected","BRUV.Detected"
"68","Citharichthys stigmaeus","Santa_Claus",0.103223894926821,0.103223894926821,0,0,"eDNA.Detected.Only","eDNA.Detected.Only",4.85179112898411,37.5,"eDNA.Detected","BRUV.Detected"
"69","Citharichthys stigmaeus","Santa_Monica",0,0,0,0,"Both.Missed","Matching",4.85179112898411,37.5,"eDNA.Detected","BRUV.Detected"
"70","Citharichthys stigmaeus","Soledad",0.0155638296688673,0.0155638296688673,0,0,"eDNA.Detected.Only","eDNA.Detected.Only",4.85179112898411,37.5,"eDNA.Detected","BRUV.Detected"
"71","Citharichthys stigmaeus","Southeast_Anchorage",0,0,5,0,"BRUV.Detected.Only","BRUV.Detected.Only",4.85179112898411,37.5,"eDNA.Detected","BRUV.Detected"
"72","Citharichthys stigmaeus","Water_Canyon",1,1,1,0,"Both.Detected","Matching",4.85179112898411,37.5,"eDNA.Detected","BRUV.Detected"
"73","Embiotoca jacksoni","Bechers",0.378732052991077,0.378732052991077,1,0,"Both.Detected","Matching",4.98522394570462,4,"eDNA.Detected","BRUV.Detected"
"74","Embiotoca jacksoni","Ben_Weston",0,0,0,0,"Both.Missed","Matching",4.98522394570462,4,"eDNA.Detected","BRUV.Detected"
"75","Embiotoca jacksoni","China_Camp",0.338749896290889,0.338749896290889,0,0,"eDNA.Detected.Only","eDNA.Detected.Only",4.98522394570462,4,"eDNA.Detected","BRUV.Detected"
"76","Embiotoca jacksoni","Christy",0.0272830619245933,0.0272830619245933,0,0,"eDNA.Detected.Only","eDNA.Detected.Only",4.98522394570462,4,"eDNA.Detected","BRUV.Detected"
"77","Embiotoca jacksoni","Coches",0.179885732421078,0.179885732421078,0,0,"eDNA.Detected.Only","eDNA.Detected.Only",4.98522394570462,4,"eDNA.Detected","BRUV.Detected"
"78","Embiotoca jacksoni","Cuylers_Harbor",0.166452576994328,0.166452576994328,0,0,"eDNA.Detected.Only","eDNA.Detected.Only",4.98522394570462,4,"eDNA.Detected","BRUV.Detected"
"79","Embiotoca jacksoni","Dangermond",1,1,0,0,"eDNA.Detected.Only","eDNA.Detected.Only",4.98522394570462,4,"eDNA.Detected","BRUV.Detected"
"80","Embiotoca jacksoni","Emerald_Bay",0,0,0,0,"Both.Missed","Matching",4.98522394570462,4,"eDNA.Detected","BRUV.Detected"
"81","Embiotoca jacksoni","Ford_Pt",0.50304651831267,0.50304651831267,0,0,"eDNA.Detected.Only","eDNA.Detected.Only",4.98522394570462,4,"eDNA.Detected","BRUV.Detected"
"82","Embiotoca jacksoni","Forney",0.337390400543301,0.337390400543301,3,0,"Both.Detected","Matching",4.98522394570462,4,"eDNA.Detected","BRUV.Detected"
"83","Embiotoca jacksoni","Little_Harbor",0.227087409150804,0.227087409150804,0,0,"eDNA.Detected.Only","eDNA.Detected.Only",4.98522394570462,4,"eDNA.Detected","BRUV.Detected"
"84","Embiotoca jacksoni","R_Beach",0.423582384059415,0.423582384059415,0,0,"eDNA.Detected.Only","eDNA.Detected.Only",4.98522394570462,4,"eDNA.Detected","BRUV.Detected"
"85","Embiotoca jacksoni","Sandy_Point",0.0236799205141912,0.0236799205141912,0,0,"eDNA.Detected.Only","eDNA.Detected.Only",4.98522394570462,4,"eDNA.Detected","BRUV.Detected"
"86","Embiotoca jacksoni","Santa_Claus",0.411127264843631,0.411127264843631,0,0,"eDNA.Detected.Only","eDNA.Detected.Only",4.98522394570462,4,"eDNA.Detected","BRUV.Detected"
"87","Embiotoca jacksoni","Santa_Monica",0,0,0,0,"Both.Missed","Matching",4.98522394570462,4,"eDNA.Detected","BRUV.Detected"
"88","Embiotoca jacksoni","Soledad",0.681687402525097,0.681687402525097,0,0,"eDNA.Detected.Only","eDNA.Detected.Only",4.98522394570462,4,"eDNA.Detected","BRUV.Detected"
"89","Embiotoca jacksoni","Southeast_Anchorage",0,0,0,0,"Both.Missed","Matching",4.98522394570462,4,"eDNA.Detected","BRUV.Detected"
"90","Embiotoca jacksoni","Water_Canyon",0.28651932513354,0.28651932513354,0,0,"eDNA.Detected.Only","eDNA.Detected.Only",4.98522394570462,4,"eDNA.Detected","BRUV.Detected"
"91","Engraulis mordax","Bechers",0.119065625320373,0.119065625320373,0,0,"eDNA.Detected.Only","eDNA.Detected.Only",6.09305862177564,9,"eDNA.Detected","BRUV.Detected"
"92","Engraulis mordax","Ben_Weston",0.141154619401238,0.141154619401238,0,0,"eDNA.Detected.Only","eDNA.Detected.Only",6.09305862177564,9,"eDNA.Detected","BRUV.Detected"
"93","Engraulis mordax","China_Camp",0.0487674284145835,0.0487674284145835,0,0,"eDNA.Detected.Only","eDNA.Detected.Only",6.09305862177564,9,"eDNA.Detected","BRUV.Detected"
"94","Engraulis mordax","Christy",0.446910138229269,0.446910138229269,0,0,"eDNA.Detected.Only","eDNA.Detected.Only",6.09305862177564,9,"eDNA.Detected","BRUV.Detected"
"95","Engraulis mordax","Coches",0.591087283541153,0.591087283541153,9,8.48528137423857,"Both.Detected","Matching",6.09305862177564,9,"eDNA.Detected","BRUV.Detected"
"96","Engraulis mordax","Cuylers_Harbor",0.380179529226265,0.380179529226265,0,0,"eDNA.Detected.Only","eDNA.Detected.Only",6.09305862177564,9,"eDNA.Detected","BRUV.Detected"
"97","Engraulis mordax","Dangermond",0.107422935724698,0.107422935724698,0,0,"eDNA.Detected.Only","eDNA.Detected.Only",6.09305862177564,9,"eDNA.Detected","BRUV.Detected"
"98","Engraulis mordax","Emerald_Bay",1,1,0,0,"eDNA.Detected.Only","eDNA.Detected.Only",6.09305862177564,9,"eDNA.Detected","BRUV.Detected"
"99","Engraulis mordax","Ford_Pt",0.303833118962705,0.303833118962705,0,0,"eDNA.Detected.Only","eDNA.Detected.Only",6.09305862177564,9,"eDNA.Detected","BRUV.Detected"
"100","Engraulis mordax","Forney",0.936897117735952,0.936897117735952,0,0,"eDNA.Detected.Only","eDNA.Detected.Only",6.09305862177564,9,"eDNA.Detected","BRUV.Detected"
"101","Engraulis mordax","Little_Harbor",0.133966436398456,0.133966436398456,0,0,"eDNA.Detected.Only","eDNA.Detected.Only",6.09305862177564,9,"eDNA.Detected","BRUV.Detected"
"102","Engraulis mordax","R_Beach",0.586063708369453,0.586063708369453,0,0,"eDNA.Detected.Only","eDNA.Detected.Only",6.09305862177564,9,"eDNA.Detected","BRUV.Detected"
"103","Engraulis mordax","Sandy_Point",0,0,0,0,"Both.Missed","Matching",6.09305862177564,9,"eDNA.Detected","BRUV.Detected"
"104","Engraulis mordax","Santa_Claus",0.459696133798542,0.459696133798542,0,0,"eDNA.Detected.Only","eDNA.Detected.Only",6.09305862177564,9,"eDNA.Detected","BRUV.Detected"
"105","Engraulis mordax","Santa_Monica",0,0,0,0,"Both.Missed","Matching",6.09305862177564,9,"eDNA.Detected","BRUV.Detected"
"106","Engraulis mordax","Soledad",0.278945405426048,0.278945405426048,0,0,"eDNA.Detected.Only","eDNA.Detected.Only",6.09305862177564,9,"eDNA.Detected","BRUV.Detected"
"107","Engraulis mordax","Southeast_Anchorage",0.494144609408511,0.494144609408511,0,0,"eDNA.Detected.Only","eDNA.Detected.Only",6.09305862177564,9,"eDNA.Detected","BRUV.Detected"
"108","Engraulis mordax","Water_Canyon",0.0649245318183943,0.0649245318183943,0,0,"eDNA.Detected.Only","eDNA.Detected.Only",6.09305862177564,9,"eDNA.Detected","BRUV.Detected"
"109","Girella nigricans","Bechers",0.164044405747811,0.164044405747811,0,0,"eDNA.Detected.Only","eDNA.Detected.Only",5.15409466696238,10,"eDNA.Detected","BRUV.Detected"
"110","Girella nigricans","Ben_Weston",0.178770285977333,0.178770285977333,0,0,"eDNA.Detected.Only","eDNA.Detected.Only",5.15409466696238,10,"eDNA.Detected","BRUV.Detected"
"111","Girella nigricans","China_Camp",0.441120557782691,0.441120557782691,0,0,"eDNA.Detected.Only","eDNA.Detected.Only",5.15409466696238,10,"eDNA.Detected","BRUV.Detected"
"112","Girella nigricans","Christy",0.197827481746205,0.197827481746205,0,0,"eDNA.Detected.Only","eDNA.Detected.Only",5.15409466696238,10,"eDNA.Detected","BRUV.Detected"
"113","Girella nigricans","Coches",0.355984123809862,0.355984123809862,0,0,"eDNA.Detected.Only","eDNA.Detected.Only",5.15409466696238,10,"eDNA.Detected","BRUV.Detected"
"114","Girella nigricans","Cuylers_Harbor",0.332874324611063,0.332874324611063,0,0,"eDNA.Detected.Only","eDNA.Detected.Only",5.15409466696238,10,"eDNA.Detected","BRUV.Detected"
"115","Girella nigricans","Dangermond",0.895672928688897,0.895672928688897,0,0,"eDNA.Detected.Only","eDNA.Detected.Only",5.15409466696238,10,"eDNA.Detected","BRUV.Detected"
"116","Girella nigricans","Emerald_Bay",0.269642768292061,0.269642768292061,4,4.24264068711928,"Both.Detected","Matching",5.15409466696238,10,"eDNA.Detected","BRUV.Detected"
"117","Girella nigricans","Ford_Pt",0.0840400466528754,0.0840400466528754,0,0,"eDNA.Detected.Only","eDNA.Detected.Only",5.15409466696238,10,"eDNA.Detected","BRUV.Detected"
"118","Girella nigricans","Forney",0.318252727851461,0.318252727851461,2,0,"Both.Detected","Matching",5.15409466696238,10,"eDNA.Detected","BRUV.Detected"
"119","Girella nigricans","Little_Harbor",0.469117925722263,0.469117925722263,4,4.24264068711928,"Both.Detected","Matching",5.15409466696238,10,"eDNA.Detected","BRUV.Detected"
"120","Girella nigricans","R_Beach",0.18516287970384,0.18516287970384,0,0,"eDNA.Detected.Only","eDNA.Detected.Only",5.15409466696238,10,"eDNA.Detected","BRUV.Detected"
"121","Girella nigricans","Sandy_Point",0.0481838006656034,0.0481838006656034,0,0,"eDNA.Detected.Only","eDNA.Detected.Only",5.15409466696238,10,"eDNA.Detected","BRUV.Detected"
"122","Girella nigricans","Santa_Claus",0,0,0,0,"Both.Missed","Matching",5.15409466696238,10,"eDNA.Detected","BRUV.Detected"
"123","Girella nigricans","Santa_Monica",0,0,0,0,"Both.Missed","Matching",5.15409466696238,10,"eDNA.Detected","BRUV.Detected"
"124","Girella nigricans","Soledad",0.0491759121960703,0.0491759121960703,0,0,"eDNA.Detected.Only","eDNA.Detected.Only",5.15409466696238,10,"eDNA.Detected","BRUV.Detected"
"125","Girella nigricans","Southeast_Anchorage",1,1,0,0,"eDNA.Detected.Only","eDNA.Detected.Only",5.15409466696238,10,"eDNA.Detected","BRUV.Detected"
"126","Girella nigricans","Water_Canyon",0.164224497514348,0.164224497514348,0,0,"eDNA.Detected.Only","eDNA.Detected.Only",5.15409466696238,10,"eDNA.Detected","BRUV.Detected"
"127","Heterostichus rostratus","Bechers",0.383270466445886,0.383270466445886,0,0,"eDNA.Detected.Only","eDNA.Detected.Only",7.97925934473311,1,"eDNA.Detected","BRUV.Detected"
"128","Heterostichus rostratus","Ben_Weston",0.302300626943302,0.302300626943302,0,0,"eDNA.Detected.Only","eDNA.Detected.Only",7.97925934473311,1,"eDNA.Detected","BRUV.Detected"
"129","Heterostichus rostratus","China_Camp",0.846562438433948,0.846562438433948,0,0,"eDNA.Detected.Only","eDNA.Detected.Only",7.97925934473311,1,"eDNA.Detected","BRUV.Detected"
"130","Heterostichus rostratus","Christy",0.264524186310872,0.264524186310872,0,0,"eDNA.Detected.Only","eDNA.Detected.Only",7.97925934473311,1,"eDNA.Detected","BRUV.Detected"
"131","Heterostichus rostratus","Coches",0.44101075500325,0.44101075500325,0,0,"eDNA.Detected.Only","eDNA.Detected.Only",7.97925934473311,1,"eDNA.Detected","BRUV.Detected"
"132","Heterostichus rostratus","Cuylers_Harbor",0.290517055475749,0.290517055475749,0,0,"eDNA.Detected.Only","eDNA.Detected.Only",7.97925934473311,1,"eDNA.Detected","BRUV.Detected"
"133","Heterostichus rostratus","Dangermond",0.395671488819374,0.395671488819374,0,0,"eDNA.Detected.Only","eDNA.Detected.Only",7.97925934473311,1,"eDNA.Detected","BRUV.Detected"
"134","Heterostichus rostratus","Emerald_Bay",0.20624961948169,0.20624961948169,0,0,"eDNA.Detected.Only","eDNA.Detected.Only",7.97925934473311,1,"eDNA.Detected","BRUV.Detected"
"135","Heterostichus rostratus","Ford_Pt",0.294935849276407,0.294935849276407,0,0,"eDNA.Detected.Only","eDNA.Detected.Only",7.97925934473311,1,"eDNA.Detected","BRUV.Detected"
"136","Heterostichus rostratus","Forney",1,1,1,0,"Both.Detected","Matching",7.97925934473311,1,"eDNA.Detected","BRUV.Detected"
"137","Heterostichus rostratus","Little_Harbor",0.946480422908057,0.946480422908057,0,0,"eDNA.Detected.Only","eDNA.Detected.Only",7.97925934473311,1,"eDNA.Detected","BRUV.Detected"
"138","Heterostichus rostratus","R_Beach",0.688542662942062,0.688542662942062,0,0,"eDNA.Detected.Only","eDNA.Detected.Only",7.97925934473311,1,"eDNA.Detected","BRUV.Detected"
"139","Heterostichus rostratus","Sandy_Point",0.434452556557285,0.434452556557285,0,0,"eDNA.Detected.Only","eDNA.Detected.Only",7.97925934473311,1,"eDNA.Detected","BRUV.Detected"
"140","Heterostichus rostratus","Santa_Claus",0.557567138677245,0.557567138677245,0,0,"eDNA.Detected.Only","eDNA.Detected.Only",7.97925934473311,1,"eDNA.Detected","BRUV.Detected"
"141","Heterostichus rostratus","Santa_Monica",0.0715055412524252,0.0715055412524252,0,0,"eDNA.Detected.Only","eDNA.Detected.Only",7.97925934473311,1,"eDNA.Detected","BRUV.Detected"
"142","Heterostichus rostratus","Soledad",0.324969939953443,0.324969939953443,0,0,"eDNA.Detected.Only","eDNA.Detected.Only",7.97925934473311,1,"eDNA.Detected","BRUV.Detected"
"143","Heterostichus rostratus","Southeast_Anchorage",0,0,0,0,"Both.Missed","Matching",7.97925934473311,1,"eDNA.Detected","BRUV.Detected"
"144","Heterostichus rostratus","Water_Canyon",0.530698596252112,0.530698596252112,0,0,"eDNA.Detected.Only","eDNA.Detected.Only",7.97925934473311,1,"eDNA.Detected","BRUV.Detected"
"145","Menticirrhus undulatus","Bechers",1,1,0,0,"eDNA.Detected.Only","eDNA.Detected.Only",4.58914240680841,2,"eDNA.Detected","BRUV.Detected"
"146","Menticirrhus undulatus","Ben_Weston",0.308597981518437,0.308597981518437,0,0,"eDNA.Detected.Only","eDNA.Detected.Only",4.58914240680841,2,"eDNA.Detected","BRUV.Detected"
"147","Menticirrhus undulatus","China_Camp",0,0,0,0,"Both.Missed","Matching",4.58914240680841,2,"eDNA.Detected","BRUV.Detected"
"148","Menticirrhus undulatus","Christy",0.142854688234241,0.142854688234241,0,0,"eDNA.Detected.Only","eDNA.Detected.Only",4.58914240680841,2,"eDNA.Detected","BRUV.Detected"
"149","Menticirrhus undulatus","Coches",0,0,0,0,"Both.Missed","Matching",4.58914240680841,2,"eDNA.Detected","BRUV.Detected"
"150","Menticirrhus undulatus","Cuylers_Harbor",0,0,0,0,"Both.Missed","Matching",4.58914240680841,2,"eDNA.Detected","BRUV.Detected"
"151","Menticirrhus undulatus","Dangermond",0.184014513699774,0.184014513699774,0,0,"eDNA.Detected.Only","eDNA.Detected.Only",4.58914240680841,2,"eDNA.Detected","BRUV.Detected"
"152","Menticirrhus undulatus","Emerald_Bay",0,0,0,0,"Both.Missed","Matching",4.58914240680841,2,"eDNA.Detected","BRUV.Detected"
"153","Menticirrhus undulatus","Ford_Pt",0,0,0,0,"Both.Missed","Matching",4.58914240680841,2,"eDNA.Detected","BRUV.Detected"
"154","Menticirrhus undulatus","Forney",0,0,0,0,"Both.Missed","Matching",4.58914240680841,2,"eDNA.Detected","BRUV.Detected"
"155","Menticirrhus undulatus","Little_Harbor",0.0407393483722191,0.0407393483722191,0,0,"eDNA.Detected.Only","eDNA.Detected.Only",4.58914240680841,2,"eDNA.Detected","BRUV.Detected"
"156","Menticirrhus undulatus","R_Beach",0.481961851409767,0.481961851409767,1,0,"Both.Detected","Matching",4.58914240680841,2,"eDNA.Detected","BRUV.Detected"
"157","Menticirrhus undulatus","Sandy_Point",0,0,0,0,"Both.Missed","Matching",4.58914240680841,2,"eDNA.Detected","BRUV.Detected"
"158","Menticirrhus undulatus","Santa_Claus",0.892728657969832,0.892728657969832,0,0,"eDNA.Detected.Only","eDNA.Detected.Only",4.58914240680841,2,"eDNA.Detected","BRUV.Detected"
"159","Menticirrhus undulatus","Santa_Monica",0.990337317293423,0.990337317293423,1,0,"Both.Detected","Matching",4.58914240680841,2,"eDNA.Detected","BRUV.Detected"
"160","Menticirrhus undulatus","Soledad",0,0,0,0,"Both.Missed","Matching",4.58914240680841,2,"eDNA.Detected","BRUV.Detected"
"161","Menticirrhus undulatus","Southeast_Anchorage",0,0,0,0,"Both.Missed","Matching",4.58914240680841,2,"eDNA.Detected","BRUV.Detected"
"162","Menticirrhus undulatus","Water_Canyon",0.54790804831072,0.54790804831072,0,0,"eDNA.Detected.Only","eDNA.Detected.Only",4.58914240680841,2,"eDNA.Detected","BRUV.Detected"
"163","Micrometrus minimus","Bechers",0.240008295666006,0.240008295666006,0,0,"eDNA.Detected.Only","eDNA.Detected.Only",3.56551365133832,2,"eDNA.Detected","BRUV.Detected"
"164","Micrometrus minimus","Ben_Weston",0,0,0,0,"Both.Missed","Matching",3.56551365133832,2,"eDNA.Detected","BRUV.Detected"
"165","Micrometrus minimus","China_Camp",0.166401981974441,0.166401981974441,0,0,"eDNA.Detected.Only","eDNA.Detected.Only",3.56551365133832,2,"eDNA.Detected","BRUV.Detected"
"166","Micrometrus minimus","Christy",0.228598906722361,0.228598906722361,0,0,"eDNA.Detected.Only","eDNA.Detected.Only",3.56551365133832,2,"eDNA.Detected","BRUV.Detected"
"167","Micrometrus minimus","Coches",0,0,0,0,"Both.Missed","Matching",3.56551365133832,2,"eDNA.Detected","BRUV.Detected"
"168","Micrometrus minimus","Cuylers_Harbor",0.148148854542128,0.148148854542128,0,0,"eDNA.Detected.Only","eDNA.Detected.Only",3.56551365133832,2,"eDNA.Detected","BRUV.Detected"
"169","Micrometrus minimus","Dangermond",0.269528384342698,0.269528384342698,0,0,"eDNA.Detected.Only","eDNA.Detected.Only",3.56551365133832,2,"eDNA.Detected","BRUV.Detected"
"170","Micrometrus minimus","Emerald_Bay",0,0,0,0,"Both.Missed","Matching",3.56551365133832,2,"eDNA.Detected","BRUV.Detected"
"171","Micrometrus minimus","Ford_Pt",0.70679361006972,0.70679361006972,0,0,"eDNA.Detected.Only","eDNA.Detected.Only",3.56551365133832,2,"eDNA.Detected","BRUV.Detected"
"172","Micrometrus minimus","Forney",0.207178290508218,0.207178290508218,2,0,"Both.Detected","Matching",3.56551365133832,2,"eDNA.Detected","BRUV.Detected"
"173","Micrometrus minimus","Little_Harbor",0.241607137626422,0.241607137626422,0,0,"eDNA.Detected.Only","eDNA.Detected.Only",3.56551365133832,2,"eDNA.Detected","BRUV.Detected"
"174","Micrometrus minimus","R_Beach",0.0943639631480398,0.0943639631480398,0,0,"eDNA.Detected.Only","eDNA.Detected.Only",3.56551365133832,2,"eDNA.Detected","BRUV.Detected"
"175","Micrometrus minimus","Sandy_Point",1,1,0,0,"eDNA.Detected.Only","eDNA.Detected.Only",3.56551365133832,2,"eDNA.Detected","BRUV.Detected"
"176","Micrometrus minimus","Santa_Claus",0,0,0,0,"Both.Missed","Matching",3.56551365133832,2,"eDNA.Detected","BRUV.Detected"
"177","Micrometrus minimus","Santa_Monica",0.0244294421089805,0.0244294421089805,0,0,"eDNA.Detected.Only","eDNA.Detected.Only",3.56551365133832,2,"eDNA.Detected","BRUV.Detected"
"178","Micrometrus minimus","Soledad",0.215544271092435,0.215544271092435,0,0,"eDNA.Detected.Only","eDNA.Detected.Only",3.56551365133832,2,"eDNA.Detected","BRUV.Detected"
"179","Micrometrus minimus","Southeast_Anchorage",0,0,0,0,"Both.Missed","Matching",3.56551365133832,2,"eDNA.Detected","BRUV.Detected"
"180","Micrometrus minimus","Water_Canyon",0.0229105135368706,0.0229105135368706,0,0,"eDNA.Detected.Only","eDNA.Detected.Only",3.56551365133832,2,"eDNA.Detected","BRUV.Detected"
"181","Myliobatis californica","Bechers",0.788501747482129,0.788501747482129,0,0,"eDNA.Detected.Only","eDNA.Detected.Only",5.31685143087898,20.3333333333333,"eDNA.Detected","BRUV.Detected"
"182","Myliobatis californica","Ben_Weston",0,0,1,0,"BRUV.Detected.Only","BRUV.Detected.Only",5.31685143087898,20.3333333333333,"eDNA.Detected","BRUV.Detected"
"183","Myliobatis californica","China_Camp",0.200004138030443,0.200004138030443,0,0,"eDNA.Detected.Only","eDNA.Detected.Only",5.31685143087898,20.3333333333333,"eDNA.Detected","BRUV.Detected"
"184","Myliobatis californica","Christy",0.55497577694914,0.55497577694914,3.66666666666667,2.08166599946613,"Both.Detected","Matching",5.31685143087898,20.3333333333333,"eDNA.Detected","BRUV.Detected"
"185","Myliobatis californica","Coches",0.178741715008483,0.178741715008483,3,0,"Both.Detected","Matching",5.31685143087898,20.3333333333333,"eDNA.Detected","BRUV.Detected"
"186","Myliobatis californica","Cuylers_Harbor",0.27163558036063,0.27163558036063,0,0,"eDNA.Detected.Only","eDNA.Detected.Only",5.31685143087898,20.3333333333333,"eDNA.Detected","BRUV.Detected"
"187","Myliobatis californica","Dangermond",0.224405903775404,0.224405903775404,0,0,"eDNA.Detected.Only","eDNA.Detected.Only",5.31685143087898,20.3333333333333,"eDNA.Detected","BRUV.Detected"
"188","Myliobatis californica","Emerald_Bay",0.196411594963048,0.196411594963048,0,0,"eDNA.Detected.Only","eDNA.Detected.Only",5.31685143087898,20.3333333333333,"eDNA.Detected","BRUV.Detected"
"189","Myliobatis californica","Ford_Pt",0.0886964755746952,0.0886964755746952,1,0,"Both.Detected","Matching",5.31685143087898,20.3333333333333,"eDNA.Detected","BRUV.Detected"
"190","Myliobatis californica","Forney",0.071736765006017,0.071736765006017,1.66666666666667,0.577350269189626,"Both.Detected","Matching",5.31685143087898,20.3333333333333,"eDNA.Detected","BRUV.Detected"
"191","Myliobatis californica","Little_Harbor",0.255257797931429,0.255257797931429,1.66666666666667,0.577350269189626,"Both.Detected","Matching",5.31685143087898,20.3333333333333,"eDNA.Detected","BRUV.Detected"
"192","Myliobatis californica","R_Beach",0.0630375407689257,0.0630375407689257,1,0,"Both.Detected","Matching",5.31685143087898,20.3333333333333,"eDNA.Detected","BRUV.Detected"
"193","Myliobatis californica","Sandy_Point",0.0787766665293256,0.0787766665293256,1,0,"Both.Detected","Matching",5.31685143087898,20.3333333333333,"eDNA.Detected","BRUV.Detected"
"194","Myliobatis californica","Santa_Claus",0.368991028728828,0.368991028728828,1,0,"Both.Detected","Matching",5.31685143087898,20.3333333333333,"eDNA.Detected","BRUV.Detected"
"195","Myliobatis californica","Santa_Monica",0.228197735219752,0.228197735219752,1.33333333333333,0.577350269189626,"Both.Detected","Matching",5.31685143087898,20.3333333333333,"eDNA.Detected","BRUV.Detected"
"196","Myliobatis californica","Soledad",0.474943510408263,0.474943510408263,0,0,"eDNA.Detected.Only","eDNA.Detected.Only",5.31685143087898,20.3333333333333,"eDNA.Detected","BRUV.Detected"
"197","Myliobatis californica","Southeast_Anchorage",0.272537454142462,0.272537454142462,1,0,"Both.Detected","Matching",5.31685143087898,20.3333333333333,"eDNA.Detected","BRUV.Detected"
"198","Myliobatis californica","Water_Canyon",1,1,3,1,"Both.Detected","Matching",5.31685143087898,20.3333333333333,"eDNA.Detected","BRUV.Detected"
"199","Paralabrax clathratus","Bechers",0,0,0,0,"Both.Missed","Matching",3.9286966043509,13,"eDNA.Detected","BRUV.Detected"
"200","Paralabrax clathratus","Ben_Weston",0.0586921012247786,0.0586921012247786,1,0,"Both.Detected","Matching",3.9286966043509,13,"eDNA.Detected","BRUV.Detected"
"201","Paralabrax clathratus","China_Camp",0,0,0,0,"Both.Missed","Matching",3.9286966043509,13,"eDNA.Detected","BRUV.Detected"
"202","Paralabrax clathratus","Christy",0.0497871581775003,0.0497871581775003,1,0,"Both.Detected","Matching",3.9286966043509,13,"eDNA.Detected","BRUV.Detected"
"203","Paralabrax clathratus","Coches",0.266696016461039,0.266696016461039,2,0,"Both.Detected","Matching",3.9286966043509,13,"eDNA.Detected","BRUV.Detected"
"204","Paralabrax clathratus","Cuylers_Harbor",0,0,0,0,"Both.Missed","Matching",3.9286966043509,13,"eDNA.Detected","BRUV.Detected"
"205","Paralabrax clathratus","Dangermond",0,0,0,0,"Both.Missed","Matching",3.9286966043509,13,"eDNA.Detected","BRUV.Detected"
"206","Paralabrax clathratus","Emerald_Bay",0.384861920276216,0.384861920276216,4.5,3.53553390593274,"Both.Detected","Matching",3.9286966043509,13,"eDNA.Detected","BRUV.Detected"
"207","Paralabrax clathratus","Ford_Pt",1,1,0,0,"eDNA.Detected.Only","eDNA.Detected.Only",3.9286966043509,13,"eDNA.Detected","BRUV.Detected"
"208","Paralabrax clathratus","Forney",0.606058474714809,0.606058474714809,0,0,"eDNA.Detected.Only","eDNA.Detected.Only",3.9286966043509,13,"eDNA.Detected","BRUV.Detected"
"209","Paralabrax clathratus","Little_Harbor",0.32560236576568,0.32560236576568,4.5,0.707106781186548,"Both.Detected","Matching",3.9286966043509,13,"eDNA.Detected","BRUV.Detected"
"210","Paralabrax clathratus","R_Beach",0.205412627768598,0.205412627768598,0,0,"eDNA.Detected.Only","eDNA.Detected.Only",3.9286966043509,13,"eDNA.Detected","BRUV.Detected"
"211","Paralabrax clathratus","Sandy_Point",0.794828020349342,0.794828020349342,0,0,"eDNA.Detected.Only","eDNA.Detected.Only",3.9286966043509,13,"eDNA.Detected","BRUV.Detected"
"212","Paralabrax clathratus","Santa_Claus",0.00851336743661682,0.00851336743661682,0,0,"eDNA.Detected.Only","eDNA.Detected.Only",3.9286966043509,13,"eDNA.Detected","BRUV.Detected"
"213","Paralabrax clathratus","Santa_Monica",0,0,0,0,"Both.Missed","Matching",3.9286966043509,13,"eDNA.Detected","BRUV.Detected"
"214","Paralabrax clathratus","Soledad",0.00932632582393057,0.00932632582393057,0,0,"eDNA.Detected.Only","eDNA.Detected.Only",3.9286966043509,13,"eDNA.Detected","BRUV.Detected"
"215","Paralabrax clathratus","Southeast_Anchorage",0,0,0,0,"Both.Missed","Matching",3.9286966043509,13,"eDNA.Detected","BRUV.Detected"
"216","Paralabrax clathratus","Water_Canyon",0.218918226352393,0.218918226352393,0,0,"eDNA.Detected.Only","eDNA.Detected.Only",3.9286966043509,13,"eDNA.Detected","BRUV.Detected"
"217","Paralabrax nebulifer","Bechers",0,0,0,0,"Both.Missed","Matching",1.72903216923129,1,"eDNA.Detected","BRUV.Detected"
"218","Paralabrax nebulifer","Ben_Weston",0,0,0,0,"Both.Missed","Matching",1.72903216923129,1,"eDNA.Detected","BRUV.Detected"
"219","Paralabrax nebulifer","China_Camp",0,0,0,0,"Both.Missed","Matching",1.72903216923129,1,"eDNA.Detected","BRUV.Detected"
"220","Paralabrax nebulifer","Christy",0,0,0,0,"Both.Missed","Matching",1.72903216923129,1,"eDNA.Detected","BRUV.Detected"
"221","Paralabrax nebulifer","Coches",0,0,0,0,"Both.Missed","Matching",1.72903216923129,1,"eDNA.Detected","BRUV.Detected"
"222","Paralabrax nebulifer","Cuylers_Harbor",0,0,0,0,"Both.Missed","Matching",1.72903216923129,1,"eDNA.Detected","BRUV.Detected"
"223","Paralabrax nebulifer","Dangermond",0,0,0,0,"Both.Missed","Matching",1.72903216923129,1,"eDNA.Detected","BRUV.Detected"
"224","Paralabrax nebulifer","Emerald_Bay",1,1,1,0,"Both.Detected","Matching",1.72903216923129,1,"eDNA.Detected","BRUV.Detected"
"225","Paralabrax nebulifer","Ford_Pt",0,0,0,0,"Both.Missed","Matching",1.72903216923129,1,"eDNA.Detected","BRUV.Detected"
"226","Paralabrax nebulifer","Forney",0,0,0,0,"Both.Missed","Matching",1.72903216923129,1,"eDNA.Detected","BRUV.Detected"
"227","Paralabrax nebulifer","Little_Harbor",0,0,0,0,"Both.Missed","Matching",1.72903216923129,1,"eDNA.Detected","BRUV.Detected"
"228","Paralabrax nebulifer","R_Beach",0.263227401480692,0.263227401480692,0,0,"eDNA.Detected.Only","eDNA.Detected.Only",1.72903216923129,1,"eDNA.Detected","BRUV.Detected"
"229","Paralabrax nebulifer","Sandy_Point",0,0,0,0,"Both.Missed","Matching",1.72903216923129,1,"eDNA.Detected","BRUV.Detected"
"230","Paralabrax nebulifer","Santa_Claus",0.465804767750599,0.465804767750599,0,0,"eDNA.Detected.Only","eDNA.Detected.Only",1.72903216923129,1,"eDNA.Detected","BRUV.Detected"
"231","Paralabrax nebulifer","Santa_Monica",0,0,0,0,"Both.Missed","Matching",1.72903216923129,1,"eDNA.Detected","BRUV.Detected"
"232","Paralabrax nebulifer","Soledad",0,0,0,0,"Both.Missed","Matching",1.72903216923129,1,"eDNA.Detected","BRUV.Detected"
"233","Paralabrax nebulifer","Southeast_Anchorage",0,0,0,0,"Both.Missed","Matching",1.72903216923129,1,"eDNA.Detected","BRUV.Detected"
"234","Paralabrax nebulifer","Water_Canyon",0,0,0,0,"Both.Missed","Matching",1.72903216923129,1,"eDNA.Detected","BRUV.Detected"
"235","Paralichthys californicus","Bechers",0,0,0,0,"Both.Missed","Matching",2.24024589560335,2,"eDNA.Detected","BRUV.Detected"
"236","Paralichthys californicus","Ben_Weston",0.0557358036273121,0.0557358036273121,0,0,"eDNA.Detected.Only","eDNA.Detected.Only",2.24024589560335,2,"eDNA.Detected","BRUV.Detected"
"237","Paralichthys californicus","China_Camp",0,0,0,0,"Both.Missed","Matching",2.24024589560335,2,"eDNA.Detected","BRUV.Detected"
"238","Paralichthys californicus","Christy",0.247324328074204,0.247324328074204,0,0,"eDNA.Detected.Only","eDNA.Detected.Only",2.24024589560335,2,"eDNA.Detected","BRUV.Detected"
"239","Paralichthys californicus","Coches",0.00567656273613802,0.00567656273613802,0,0,"eDNA.Detected.Only","eDNA.Detected.Only",2.24024589560335,2,"eDNA.Detected","BRUV.Detected"
"240","Paralichthys californicus","Cuylers_Harbor",0.0451306542755459,0.0451306542755459,1,0,"Both.Detected","Matching",2.24024589560335,2,"eDNA.Detected","BRUV.Detected"
"241","Paralichthys californicus","Dangermond",0,0,0,0,"Both.Missed","Matching",2.24024589560335,2,"eDNA.Detected","BRUV.Detected"
"242","Paralichthys californicus","Emerald_Bay",0.330851967766457,0.330851967766457,1,0,"Both.Detected","Matching",2.24024589560335,2,"eDNA.Detected","BRUV.Detected"
"243","Paralichthys californicus","Ford_Pt",0,0,0,0,"Both.Missed","Matching",2.24024589560335,2,"eDNA.Detected","BRUV.Detected"
"244","Paralichthys californicus","Forney",1,1,0,0,"eDNA.Detected.Only","eDNA.Detected.Only",2.24024589560335,2,"eDNA.Detected","BRUV.Detected"
"245","Paralichthys californicus","Little_Harbor",0.0621087463135489,0.0621087463135489,0,0,"eDNA.Detected.Only","eDNA.Detected.Only",2.24024589560335,2,"eDNA.Detected","BRUV.Detected"
"246","Paralichthys californicus","R_Beach",0.111317870601736,0.111317870601736,0,0,"eDNA.Detected.Only","eDNA.Detected.Only",2.24024589560335,2,"eDNA.Detected","BRUV.Detected"
"247","Paralichthys californicus","Sandy_Point",0,0,0,0,"Both.Missed","Matching",2.24024589560335,2,"eDNA.Detected","BRUV.Detected"
"248","Paralichthys californicus","Santa_Claus",0.260969477328151,0.260969477328151,0,0,"eDNA.Detected.Only","eDNA.Detected.Only",2.24024589560335,2,"eDNA.Detected","BRUV.Detected"
"249","Paralichthys californicus","Santa_Monica",0,0,0,0,"Both.Missed","Matching",2.24024589560335,2,"eDNA.Detected","BRUV.Detected"
"250","Paralichthys californicus","Soledad",0,0,0,0,"Both.Missed","Matching",2.24024589560335,2,"eDNA.Detected","BRUV.Detected"
"251","Paralichthys californicus","Southeast_Anchorage",0,0,0,0,"Both.Missed","Matching",2.24024589560335,2,"eDNA.Detected","BRUV.Detected"
"252","Paralichthys californicus","Water_Canyon",0.121130484880252,0.121130484880252,0,0,"eDNA.Detected.Only","eDNA.Detected.Only",2.24024589560335,2,"eDNA.Detected","BRUV.Detected"
"253","Platyrhinoidis triseriata","Bechers",0.33753022568473,0.33753022568473,1,0,"Both.Detected","Matching",4.90187859145426,3,"eDNA.Detected","BRUV.Detected"
"254","Platyrhinoidis triseriata","Ben_Weston",0.835916729820302,0.835916729820302,0,0,"eDNA.Detected.Only","eDNA.Detected.Only",4.90187859145426,3,"eDNA.Detected","BRUV.Detected"
"255","Platyrhinoidis triseriata","China_Camp",0,0,0,0,"Both.Missed","Matching",4.90187859145426,3,"eDNA.Detected","BRUV.Detected"
"256","Platyrhinoidis triseriata","Christy",0.0177402289395669,0.0177402289395669,0,0,"eDNA.Detected.Only","eDNA.Detected.Only",4.90187859145426,3,"eDNA.Detected","BRUV.Detected"
"257","Platyrhinoidis triseriata","Coches",0.0100674800541812,0.0100674800541812,1,0,"Both.Detected","Matching",4.90187859145426,3,"eDNA.Detected","BRUV.Detected"
"258","Platyrhinoidis triseriata","Cuylers_Harbor",0,0,0,0,"Both.Missed","Matching",4.90187859145426,3,"eDNA.Detected","BRUV.Detected"
"259","Platyrhinoidis triseriata","Dangermond",0.608040014598861,0.608040014598861,0,0,"eDNA.Detected.Only","eDNA.Detected.Only",4.90187859145426,3,"eDNA.Detected","BRUV.Detected"
"260","Platyrhinoidis triseriata","Emerald_Bay",0.212108188219763,0.212108188219763,0,0,"eDNA.Detected.Only","eDNA.Detected.Only",4.90187859145426,3,"eDNA.Detected","BRUV.Detected"
"261","Platyrhinoidis triseriata","Ford_Pt",0,0,0,0,"Both.Missed","Matching",4.90187859145426,3,"eDNA.Detected","BRUV.Detected"
"262","Platyrhinoidis triseriata","Forney",0.0663849006017707,0.0663849006017707,0,0,"eDNA.Detected.Only","eDNA.Detected.Only",4.90187859145426,3,"eDNA.Detected","BRUV.Detected"
"263","Platyrhinoidis triseriata","Little_Harbor",0,0,0,0,"Both.Missed","Matching",4.90187859145426,3,"eDNA.Detected","BRUV.Detected"
"264","Platyrhinoidis triseriata","R_Beach",0.224062010662382,0.224062010662382,0,0,"eDNA.Detected.Only","eDNA.Detected.Only",4.90187859145426,3,"eDNA.Detected","BRUV.Detected"
"265","Platyrhinoidis triseriata","Sandy_Point",0.948587548711535,0.948587548711535,0,0,"eDNA.Detected.Only","eDNA.Detected.Only",4.90187859145426,3,"eDNA.Detected","BRUV.Detected"
"266","Platyrhinoidis triseriata","Santa_Claus",1,1,1,0,"Both.Detected","Matching",4.90187859145426,3,"eDNA.Detected","BRUV.Detected"
"267","Platyrhinoidis triseriata","Santa_Monica",0.0368609019416067,0.0368609019416067,0,0,"eDNA.Detected.Only","eDNA.Detected.Only",4.90187859145426,3,"eDNA.Detected","BRUV.Detected"
"268","Platyrhinoidis triseriata","Soledad",0.371382630634883,0.371382630634883,0,0,"eDNA.Detected.Only","eDNA.Detected.Only",4.90187859145426,3,"eDNA.Detected","BRUV.Detected"
"269","Platyrhinoidis triseriata","Southeast_Anchorage",0,0,0,0,"Both.Missed","Matching",4.90187859145426,3,"eDNA.Detected","BRUV.Detected"
"270","Platyrhinoidis triseriata","Water_Canyon",0.233197731584681,0.233197731584681,0,0,"eDNA.Detected.Only","eDNA.Detected.Only",4.90187859145426,3,"eDNA.Detected","BRUV.Detected"
"271","Pseudobatos productus","Bechers",0,0,0,0,"Both.Missed","Matching",3.18645750022211,5.5,"eDNA.Detected","BRUV.Detected"
"272","Pseudobatos productus","Ben_Weston",0.572530453172791,0.572530453172791,1,0,"Both.Detected","Matching",3.18645750022211,5.5,"eDNA.Detected","BRUV.Detected"
"273","Pseudobatos productus","China_Camp",0,0,0,0,"Both.Missed","Matching",3.18645750022211,5.5,"eDNA.Detected","BRUV.Detected"
"274","Pseudobatos productus","Christy",0,0,0,0,"Both.Missed","Matching",3.18645750022211,5.5,"eDNA.Detected","BRUV.Detected"
"275","Pseudobatos productus","Coches",0,0,0,0,"Both.Missed","Matching",3.18645750022211,5.5,"eDNA.Detected","BRUV.Detected"
"276","Pseudobatos productus","Cuylers_Harbor",0,0,0,0,"Both.Missed","Matching",3.18645750022211,5.5,"eDNA.Detected","BRUV.Detected"
"277","Pseudobatos productus","Dangermond",0.115964583616447,0.115964583616447,1,0,"Both.Detected","Matching",3.18645750022211,5.5,"eDNA.Detected","BRUV.Detected"
"278","Pseudobatos productus","Emerald_Bay",1,1,1,0,"Both.Detected","Matching",3.18645750022211,5.5,"eDNA.Detected","BRUV.Detected"
"279","Pseudobatos productus","Ford_Pt",0,0,0,0,"Both.Missed","Matching",3.18645750022211,5.5,"eDNA.Detected","BRUV.Detected"
"280","Pseudobatos productus","Forney",0,0,0,0,"Both.Missed","Matching",3.18645750022211,5.5,"eDNA.Detected","BRUV.Detected"
"281","Pseudobatos productus","Little_Harbor",0.599260698295347,0.599260698295347,1.5,0.707106781186548,"Both.Detected","Matching",3.18645750022211,5.5,"eDNA.Detected","BRUV.Detected"
"282","Pseudobatos productus","R_Beach",0.184476816218661,0.184476816218661,0,0,"eDNA.Detected.Only","eDNA.Detected.Only",3.18645750022211,5.5,"eDNA.Detected","BRUV.Detected"
"283","Pseudobatos productus","Sandy_Point",0,0,0,0,"Both.Missed","Matching",3.18645750022211,5.5,"eDNA.Detected","BRUV.Detected"
"284","Pseudobatos productus","Santa_Claus",0.204272894448353,0.204272894448353,0,0,"eDNA.Detected.Only","eDNA.Detected.Only",3.18645750022211,5.5,"eDNA.Detected","BRUV.Detected"
"285","Pseudobatos productus","Santa_Monica",0.509952054470511,0.509952054470511,1,0,"Both.Detected","Matching",3.18645750022211,5.5,"eDNA.Detected","BRUV.Detected"
"286","Pseudobatos productus","Soledad",0,0,0,0,"Both.Missed","Matching",3.18645750022211,5.5,"eDNA.Detected","BRUV.Detected"
"287","Pseudobatos productus","Southeast_Anchorage",0,0,0,0,"Both.Missed","Matching",3.18645750022211,5.5,"eDNA.Detected","BRUV.Detected"
"288","Pseudobatos productus","Water_Canyon",0,0,0,0,"Both.Missed","Matching",3.18645750022211,5.5,"eDNA.Detected","BRUV.Detected"
"289","Sphyraena argentea","Bechers",0,0,0,0,"Both.Missed","Matching",2.00863113588691,57,"eDNA.Detected","BRUV.Detected"
"290","Sphyraena argentea","Ben_Weston",0.00453219618919926,0.00453219618919926,0,0,"eDNA.Detected.Only","eDNA.Detected.Only",2.00863113588691,57,"eDNA.Detected","BRUV.Detected"
"291","Sphyraena argentea","China_Camp",0,0,0,0,"Both.Missed","Matching",2.00863113588691,57,"eDNA.Detected","BRUV.Detected"
"292","Sphyraena argentea","Christy",0.245356621501696,0.245356621501696,2,0,"Both.Detected","Matching",2.00863113588691,57,"eDNA.Detected","BRUV.Detected"
"293","Sphyraena argentea","Coches",0,0,0,0,"Both.Missed","Matching",2.00863113588691,57,"eDNA.Detected","BRUV.Detected"
"294","Sphyraena argentea","Cuylers_Harbor",0.22008038687417,0.22008038687417,0,0,"eDNA.Detected.Only","eDNA.Detected.Only",2.00863113588691,57,"eDNA.Detected","BRUV.Detected"
"295","Sphyraena argentea","Dangermond",0,0,0,0,"Both.Missed","Matching",2.00863113588691,57,"eDNA.Detected","BRUV.Detected"
"296","Sphyraena argentea","Emerald_Bay",0,0,0,0,"Both.Missed","Matching",2.00863113588691,57,"eDNA.Detected","BRUV.Detected"
"297","Sphyraena argentea","Ford_Pt",0,0,0,0,"Both.Missed","Matching",2.00863113588691,57,"eDNA.Detected","BRUV.Detected"
"298","Sphyraena argentea","Forney",0.11366782521747,0.11366782521747,55,62.2253967444162,"Both.Detected","Matching",2.00863113588691,57,"eDNA.Detected","BRUV.Detected"
"299","Sphyraena argentea","Little_Harbor",0,0,0,0,"Both.Missed","Matching",2.00863113588691,57,"eDNA.Detected","BRUV.Detected"
"300","Sphyraena argentea","R_Beach",0.408984495987429,0.408984495987429,0,0,"eDNA.Detected.Only","eDNA.Detected.Only",2.00863113588691,57,"eDNA.Detected","BRUV.Detected"
"301","Sphyraena argentea","Sandy_Point",1,1,0,0,"eDNA.Detected.Only","eDNA.Detected.Only",2.00863113588691,57,"eDNA.Detected","BRUV.Detected"
"302","Sphyraena argentea","Santa_Claus",0,0,0,0,"Both.Missed","Matching",2.00863113588691,57,"eDNA.Detected","BRUV.Detected"
"303","Sphyraena argentea","Santa_Monica",0,0,0,0,"Both.Missed","Matching",2.00863113588691,57,"eDNA.Detected","BRUV.Detected"
"304","Sphyraena argentea","Soledad",0,0,0,0,"Both.Missed","Matching",2.00863113588691,57,"eDNA.Detected","BRUV.Detected"
"305","Sphyraena argentea","Southeast_Anchorage",0,0,0,0,"Both.Missed","Matching",2.00863113588691,57,"eDNA.Detected","BRUV.Detected"
"306","Sphyraena argentea","Water_Canyon",0.0160096101169493,0.0160096101169493,0,0,"eDNA.Detected.Only","eDNA.Detected.Only",2.00863113588691,57,"eDNA.Detected","BRUV.Detected"
"307","Trachurus symmetricus","Bechers",1,1,0,0,"eDNA.Detected.Only","eDNA.Detected.Only",4.34631320595319,3,"eDNA.Detected","BRUV.Detected"
"308","Trachurus symmetricus","Ben_Weston",0,0,0,0,"Both.Missed","Matching",4.34631320595319,3,"eDNA.Detected","BRUV.Detected"
"309","Trachurus symmetricus","China_Camp",0,0,0,0,"Both.Missed","Matching",4.34631320595319,3,"eDNA.Detected","BRUV.Detected"
"310","Trachurus symmetricus","Christy",0,0,0,0,"Both.Missed","Matching",4.34631320595319,3,"eDNA.Detected","BRUV.Detected"
"311","Trachurus symmetricus","Coches",0.524492137358653,0.524492137358653,0,0,"eDNA.Detected.Only","eDNA.Detected.Only",4.34631320595319,3,"eDNA.Detected","BRUV.Detected"
"312","Trachurus symmetricus","Cuylers_Harbor",0.737333150364426,0.737333150364426,0,0,"eDNA.Detected.Only","eDNA.Detected.Only",4.34631320595319,3,"eDNA.Detected","BRUV.Detected"
"313","Trachurus symmetricus","Dangermond",0.450894312242086,0.450894312242086,0,0,"eDNA.Detected.Only","eDNA.Detected.Only",4.34631320595319,3,"eDNA.Detected","BRUV.Detected"
"314","Trachurus symmetricus","Emerald_Bay",0.700061131210597,0.700061131210597,0,0,"eDNA.Detected.Only","eDNA.Detected.Only",4.34631320595319,3,"eDNA.Detected","BRUV.Detected"
"315","Trachurus symmetricus","Ford_Pt",0,0,0,0,"Both.Missed","Matching",4.34631320595319,3,"eDNA.Detected","BRUV.Detected"
"316","Trachurus symmetricus","Forney",0.0914113014223433,0.0914113014223433,0,0,"eDNA.Detected.Only","eDNA.Detected.Only",4.34631320595319,3,"eDNA.Detected","BRUV.Detected"
"317","Trachurus symmetricus","Little_Harbor",0.111074052625853,0.111074052625853,3,0,"Both.Detected","Matching",4.34631320595319,3,"eDNA.Detected","BRUV.Detected"
"318","Trachurus symmetricus","R_Beach",0,0,0,0,"Both.Missed","Matching",4.34631320595319,3,"eDNA.Detected","BRUV.Detected"
"319","Trachurus symmetricus","Sandy_Point",0,0,0,0,"Both.Missed","Matching",4.34631320595319,3,"eDNA.Detected","BRUV.Detected"
"320","Trachurus symmetricus","Santa_Claus",0.363615647139858,0.363615647139858,0,0,"eDNA.Detected.Only","eDNA.Detected.Only",4.34631320595319,3,"eDNA.Detected","BRUV.Detected"
"321","Trachurus symmetricus","Santa_Monica",0,0,0,0,"Both.Missed","Matching",4.34631320595319,3,"eDNA.Detected","BRUV.Detected"
"322","Trachurus symmetricus","Soledad",0,0,0,0,"Both.Missed","Matching",4.34631320595319,3,"eDNA.Detected","BRUV.Detected"
"323","Trachurus symmetricus","Southeast_Anchorage",0,0,0,0,"Both.Missed","Matching",4.34631320595319,3,"eDNA.Detected","BRUV.Detected"
"324","Trachurus symmetricus","Water_Canyon",0.367431473589375,0.367431473589375,0,0,"eDNA.Detected.Only","eDNA.Detected.Only",4.34631320595319,3,"eDNA.Detected","BRUV.Detected"
"325","Triakis semifasciata","Bechers",0,0,1.33333333333333,0.577350269189626,"BRUV.Detected.Only","BRUV.Detected.Only",6.48558888620942,18.3333333333333,"eDNA.Detected","BRUV.Detected"
"326","Triakis semifasciata","Ben_Weston",0.116931494055487,0.116931494055487,1,0,"Both.Detected","Matching",6.48558888620942,18.3333333333333,"eDNA.Detected","BRUV.Detected"
"327","Triakis semifasciata","China_Camp",0,0,0,0,"Both.Missed","Matching",6.48558888620942,18.3333333333333,"eDNA.Detected","BRUV.Detected"
"328","Triakis semifasciata","Christy",0.9018731395292,0.9018731395292,1.5,0.707106781186548,"Both.Detected","Matching",6.48558888620942,18.3333333333333,"eDNA.Detected","BRUV.Detected"
"329","Triakis semifasciata","Coches",0.171630560641247,0.171630560641247,1.33333333333333,0.577350269189626,"Both.Detected","Matching",6.48558888620942,18.3333333333333,"eDNA.Detected","BRUV.Detected"
"330","Triakis semifasciata","Cuylers_Harbor",0.789685264068093,0.789685264068093,1,0,"Both.Detected","Matching",6.48558888620942,18.3333333333333,"eDNA.Detected","BRUV.Detected"
"331","Triakis semifasciata","Dangermond",0.442001289004432,0.442001289004432,1,0,"Both.Detected","Matching",6.48558888620942,18.3333333333333,"eDNA.Detected","BRUV.Detected"
"332","Triakis semifasciata","Emerald_Bay",0.445270286524388,0.445270286524388,1,0,"Both.Detected","Matching",6.48558888620942,18.3333333333333,"eDNA.Detected","BRUV.Detected"
"333","Triakis semifasciata","Ford_Pt",0,0,0,0,"Both.Missed","Matching",6.48558888620942,18.3333333333333,"eDNA.Detected","BRUV.Detected"
"334","Triakis semifasciata","Forney",0.0655865084158642,0.0655865084158642,1.66666666666667,1.15470053837925,"Both.Detected","Matching",6.48558888620942,18.3333333333333,"eDNA.Detected","BRUV.Detected"
"335","Triakis semifasciata","Little_Harbor",0.7487442911015,0.7487442911015,2,0,"Both.Detected","Matching",6.48558888620942,18.3333333333333,"eDNA.Detected","BRUV.Detected"
"336","Triakis semifasciata","R_Beach",0.412105517687402,0.412105517687402,1,0,"Both.Detected","Matching",6.48558888620942,18.3333333333333,"eDNA.Detected","BRUV.Detected"
"337","Triakis semifasciata","Sandy_Point",0,0,1,0,"BRUV.Detected.Only","BRUV.Detected.Only",6.48558888620942,18.3333333333333,"eDNA.Detected","BRUV.Detected"
"338","Triakis semifasciata","Santa_Claus",1,1,1,0,"Both.Detected","Matching",6.48558888620942,18.3333333333333,"eDNA.Detected","BRUV.Detected"
"339","Triakis semifasciata","Santa_Monica",0.165936315579729,0.165936315579729,1.5,0.707106781186548,"Both.Detected","Matching",6.48558888620942,18.3333333333333,"eDNA.Detected","BRUV.Detected"
"340","Triakis semifasciata","Soledad",0.0845623378043439,0.0845623378043439,0,0,"eDNA.Detected.Only","eDNA.Detected.Only",6.48558888620942,18.3333333333333,"eDNA.Detected","BRUV.Detected"
"341","Triakis semifasciata","Southeast_Anchorage",0.164544320616791,0.164544320616791,1,0,"Both.Detected","Matching",6.48558888620942,18.3333333333333,"eDNA.Detected","BRUV.Detected"
"342","Triakis semifasciata","Water_Canyon",0.976717561180942,0.976717561180942,1,0,"Both.Detected","Matching",6.48558888620942,18.3333333333333,"eDNA.Detected","BRUV.Detected"
"343","Umbrina roncador","Bechers",0,0,0,0,"Both.Missed","Matching",1.69331408282475,8.66666666666667,"eDNA.Detected","BRUV.Detected"
"344","Umbrina roncador","Ben_Weston",0.260019825483715,0.260019825483715,2.5,2.12132034355964,"Both.Detected","Matching",1.69331408282475,8.66666666666667,"eDNA.Detected","BRUV.Detected"
"345","Umbrina roncador","China_Camp",0,0,0,0,"Both.Missed","Matching",1.69331408282475,8.66666666666667,"eDNA.Detected","BRUV.Detected"
"346","Umbrina roncador","Christy",0.083606264030618,0.083606264030618,0,0,"eDNA.Detected.Only","eDNA.Detected.Only",1.69331408282475,8.66666666666667,"eDNA.Detected","BRUV.Detected"
"347","Umbrina roncador","Coches",0.0174694259116437,0.0174694259116437,0,0,"eDNA.Detected.Only","eDNA.Detected.Only",1.69331408282475,8.66666666666667,"eDNA.Detected","BRUV.Detected"
"348","Umbrina roncador","Cuylers_Harbor",0,0,0,0,"Both.Missed","Matching",1.69331408282475,8.66666666666667,"eDNA.Detected","BRUV.Detected"
"349","Umbrina roncador","Dangermond",0,0,0,0,"Both.Missed","Matching",1.69331408282475,8.66666666666667,"eDNA.Detected","BRUV.Detected"
"350","Umbrina roncador","Emerald_Bay",0.0715489730062829,0.0715489730062829,0,0,"eDNA.Detected.Only","eDNA.Detected.Only",1.69331408282475,8.66666666666667,"eDNA.Detected","BRUV.Detected"
"351","Umbrina roncador","Ford_Pt",0,0,0,0,"Both.Missed","Matching",1.69331408282475,8.66666666666667,"eDNA.Detected","BRUV.Detected"
"352","Umbrina roncador","Forney",0,0,0,0,"Both.Missed","Matching",1.69331408282475,8.66666666666667,"eDNA.Detected","BRUV.Detected"
"353","Umbrina roncador","Little_Harbor",0.0354289968049784,0.0354289968049784,4.66666666666667,2.51661147842358,"Both.Detected","Matching",1.69331408282475,8.66666666666667,"eDNA.Detected","BRUV.Detected"
"354","Umbrina roncador","R_Beach",0.0815970461993901,0.0815970461993901,0,0,"eDNA.Detected.Only","eDNA.Detected.Only",1.69331408282475,8.66666666666667,"eDNA.Detected","BRUV.Detected"
"355","Umbrina roncador","Sandy_Point",0,0,0,0,"Both.Missed","Matching",1.69331408282475,8.66666666666667,"eDNA.Detected","BRUV.Detected"
"356","Umbrina roncador","Santa_Claus",0.0737746608727831,0.0737746608727831,0,0,"eDNA.Detected.Only","eDNA.Detected.Only",1.69331408282475,8.66666666666667,"eDNA.Detected","BRUV.Detected"
"357","Umbrina roncador","Santa_Monica",1,1,1.5,0.707106781186548,"Both.Detected","Matching",1.69331408282475,8.66666666666667,"eDNA.Detected","BRUV.Detected"
"358","Umbrina roncador","Soledad",0.0698688905153399,0.0698688905153399,0,0,"eDNA.Detected.Only","eDNA.Detected.Only",1.69331408282475,8.66666666666667,"eDNA.Detected","BRUV.Detected"
"359","Umbrina roncador","Southeast_Anchorage",0,0,0,0,"Both.Missed","Matching",1.69331408282475,8.66666666666667,"eDNA.Detected","BRUV.Detected"
"360","Umbrina roncador","Water_Canyon",0,0,0,0,"Both.Missed","Matching",1.69331408282475,8.66666666666667,"eDNA.Detected","BRUV.Detected"
"361","Urolophus halleri","Bechers",0,0,0,0,"Both.Missed","Matching",1.7167141132301,5.66666666666667,"eDNA.Detected","BRUV.Detected"
"362","Urolophus halleri","Ben_Weston",0.438016631968394,0.438016631968394,2,1.73205080756888,"Both.Detected","Matching",1.7167141132301,5.66666666666667,"eDNA.Detected","BRUV.Detected"
"363","Urolophus halleri","China_Camp",0,0,0,0,"Both.Missed","Matching",1.7167141132301,5.66666666666667,"eDNA.Detected","BRUV.Detected"
"364","Urolophus halleri","Christy",0,0,0,0,"Both.Missed","Matching",1.7167141132301,5.66666666666667,"eDNA.Detected","BRUV.Detected"
"365","Urolophus halleri","Coches",0,0,0,0,"Both.Missed","Matching",1.7167141132301,5.66666666666667,"eDNA.Detected","BRUV.Detected"
"366","Urolophus halleri","Cuylers_Harbor",0,0,0,0,"Both.Missed","Matching",1.7167141132301,5.66666666666667,"eDNA.Detected","BRUV.Detected"
"367","Urolophus halleri","Dangermond",0,0,0,0,"Both.Missed","Matching",1.7167141132301,5.66666666666667,"eDNA.Detected","BRUV.Detected"
"368","Urolophus halleri","Emerald_Bay",1,1,2.33333333333333,1.15470053837925,"Both.Detected","Matching",1.7167141132301,5.66666666666667,"eDNA.Detected","BRUV.Detected"
"369","Urolophus halleri","Ford_Pt",0,0,0,0,"Both.Missed","Matching",1.7167141132301,5.66666666666667,"eDNA.Detected","BRUV.Detected"
"370","Urolophus halleri","Forney",0,0,0,0,"Both.Missed","Matching",1.7167141132301,5.66666666666667,"eDNA.Detected","BRUV.Detected"
"371","Urolophus halleri","Little_Harbor",0.278697481261703,0.278697481261703,1.33333333333333,0.577350269189626,"Both.Detected","Matching",1.7167141132301,5.66666666666667,"eDNA.Detected","BRUV.Detected"
"372","Urolophus halleri","R_Beach",0,0,0,0,"Both.Missed","Matching",1.7167141132301,5.66666666666667,"eDNA.Detected","BRUV.Detected"
"373","Urolophus halleri","Sandy_Point",0,0,0,0,"Both.Missed","Matching",1.7167141132301,5.66666666666667,"eDNA.Detected","BRUV.Detected"
"374","Urolophus halleri","Santa_Claus",0,0,0,0,"Both.Missed","Matching",1.7167141132301,5.66666666666667,"eDNA.Detected","BRUV.Detected"
"375","Urolophus halleri","Santa_Monica",0,0,0,0,"Both.Missed","Matching",1.7167141132301,5.66666666666667,"eDNA.Detected","BRUV.Detected"
"376","Urolophus halleri","Soledad",0,0,0,0,"Both.Missed","Matching",1.7167141132301,5.66666666666667,"eDNA.Detected","BRUV.Detected"
"377","Urolophus halleri","Southeast_Anchorage",0,0,0,0,"Both.Missed","Matching",1.7167141132301,5.66666666666667,"eDNA.Detected","BRUV.Detected"
"378","Urolophus halleri","Water_Canyon",0,0,0,0,"Both.Missed","Matching",1.7167141132301,5.66666666666667,"eDNA.Detected","BRUV.Detected"
"379","Xenistius californiensis","Bechers",0,0,0,0,"Both.Missed","Matching",1.59212750145434,32,"eDNA.Detected","BRUV.Detected"
"380","Xenistius californiensis","Ben_Weston",0.399040486626046,0.399040486626046,0,0,"eDNA.Detected.Only","eDNA.Detected.Only",1.59212750145434,32,"eDNA.Detected","BRUV.Detected"
"381","Xenistius californiensis","China_Camp",0,0,0,0,"Both.Missed","Matching",1.59212750145434,32,"eDNA.Detected","BRUV.Detected"
"382","Xenistius californiensis","Christy",0,0,0,0,"Both.Missed","Matching",1.59212750145434,32,"eDNA.Detected","BRUV.Detected"
"383","Xenistius californiensis","Coches",0.0808504787780451,0.0808504787780451,0,0,"eDNA.Detected.Only","eDNA.Detected.Only",1.59212750145434,32,"eDNA.Detected","BRUV.Detected"
"384","Xenistius californiensis","Cuylers_Harbor",0,0,0,0,"Both.Missed","Matching",1.59212750145434,32,"eDNA.Detected","BRUV.Detected"
"385","Xenistius californiensis","Dangermond",0,0,0,0,"Both.Missed","Matching",1.59212750145434,32,"eDNA.Detected","BRUV.Detected"
"386","Xenistius californiensis","Emerald_Bay",0.112236536050251,0.112236536050251,0,0,"eDNA.Detected.Only","eDNA.Detected.Only",1.59212750145434,32,"eDNA.Detected","BRUV.Detected"
"387","Xenistius californiensis","Ford_Pt",0,0,0,0,"Both.Missed","Matching",1.59212750145434,32,"eDNA.Detected","BRUV.Detected"
"388","Xenistius californiensis","Forney",0,0,0,0,"Both.Missed","Matching",1.59212750145434,32,"eDNA.Detected","BRUV.Detected"
"389","Xenistius californiensis","Little_Harbor",1,1,32,0,"Both.Detected","Matching",1.59212750145434,32,"eDNA.Detected","BRUV.Detected"
"390","Xenistius californiensis","R_Beach",0,0,0,0,"Both.Missed","Matching",1.59212750145434,32,"eDNA.Detected","BRUV.Detected"
"391","Xenistius californiensis","Sandy_Point",0,0,0,0,"Both.Missed","Matching",1.59212750145434,32,"eDNA.Detected","BRUV.Detected"
"392","Xenistius californiensis","Santa_Claus",0,0,0,0,"Both.Missed","Matching",1.59212750145434,32,"eDNA.Detected","BRUV.Detected"
"393","Xenistius californiensis","Santa_Monica",0,0,0,0,"Both.Missed","Matching",1.59212750145434,32,"eDNA.Detected","BRUV.Detected"
"394","Xenistius californiensis","Soledad",0,0,0,0,"Both.Missed","Matching",1.59212750145434,32,"eDNA.Detected","BRUV.Detected"
"395","Xenistius californiensis","Southeast_Anchorage",0,0,0,0,"Both.Missed","Matching",1.59212750145434,32,"eDNA.Detected","BRUV.Detected"
"396","Xenistius californiensis","Water_Canyon",0,0,0,0,"Both.Missed","Matching",1.59212750145434,32,"eDNA.Detected","BRUV.Detected"
